ticker,date,close
SPY,2024-07-11,556.48
SPY,2024-07-12,559.99
SPY,2024-07-15,561.53
SPY,2024-07-16,564.86
SPY,2024-07-17,556.94
SPY,2024-07-18,552.66
SPY,2024-07-19,548.99
SPY,2024-07-22,554.65
SPY,2024-07-23,553.78
SPY,2024-07-24,541.23
SPY,2024-07-25,538.41
SPY,2024-07-26,544.44
SPY,2024-07-29,544.76
SPY,2024-07-30,542.0
SPY,2024-07-31,550.81
SPY,2024-08-01,543.01
SPY,2024-08-02,532.9
SPY,2024-08-05,517.38
SPY,2024-08-06,522.15
SPY,2024-08-07,518.66
SPY,2024-08-08,530.65
SPY,2024-08-09,532.99
SPY,2024-08-12,533.27
SPY,2024-08-13,542.04
SPY,2024-08-14,543.75
SPY,2024-08-15,553.07
SPY,2024-08-16,554.31
SPY,2024-08-19,559.61
SPY,2024-08-20,558.7
SPY,2024-08-21,560.62
SPY,2024-08-22,556.22
SPY,2024-08-23,562.13
SPY,2024-08-26,560.79
SPY,2024-08-27,561.56
SPY,2024-08-28,558.3
SPY,2024-08-29,558.35
SPY,2024-08-30,563.68
SPY,2024-09-03,552.08
SPY,2024-09-04,550.95
SPY,2024-09-05,549.61
SPY,2024-09-06,540.36
SPY,2024-09-09,546.41
SPY,2024-09-10,548.79
SPY,2024-09-11,554.42
SPY,2024-09-12,559.09
SPY,2024-09-13,562.01
SPY,2024-09-16,562.84
SPY,2024-09-17,563.07
SPY,2024-09-18,561.4
SPY,2024-09-19,570.98
SPY,2024-09-20,568.25
SPY,2024-09-23,569.67
SPY,2024-09-24,571.3
SPY,2024-09-25,570.04
SPY,2024-09-26,572.3
SPY,2024-09-27,571.47
SPY,2024-09-30,573.76
SPY,2024-10-01,568.62
SPY,2024-10-02,568.86
SPY,2024-10-03,567.82
SPY,2024-10-04,572.98
SPY,2024-10-07,567.8
SPY,2024-10-08,573.17
SPY,2024-10-09,577.14
SPY,2024-10-10,576.13
SPY,2024-10-11,579.58
SPY,2024-10-14,584.32
SPY,2024-10-15,579.78
SPY,2024-10-16,582.3
SPY,2024-10-17,582.35
SPY,2024-10-18,584.59
SPY,2024-10-21,583.63
SPY,2024-10-22,583.32
SPY,2024-10-23,577.99
SPY,2024-10-24,579.24
SPY,2024-10-25,579.04
SPY,2024-10-28,580.83
SPY,2024-10-29,581.77
SPY,2024-10-30,580.01
SPY,2024-10-31,568.64
SPY,2024-11-01,571.04
SPY,2024-11-04,569.81
SPY,2024-11-05,576.7
SPY,2024-11-06,591.04
SPY,2024-11-07,595.61
SPY,2024-11-08,598.19
SPY,2024-11-11,598.76
SPY,2024-11-12,596.9
SPY,2024-11-13,597.19
SPY,2024-11-14,593.35
SPY,2024-11-15,585.75
SPY,2024-11-18,588.15
SPY,2024-11-19,590.3
SPY,2024-11-20,590.5
SPY,2024-11-21,593.67
SPY,2024-11-22,595.51
SPY,2024-11-25,597.53
SPY,2024-11-26,600.65
SPY,2024-11-27,598.83
SPY,2024-11-29,602.55
SPY,2024-12-02,603.63
SPY,2024-12-03,603.91
SPY,2024-12-04,607.66
SPY,2024-12-05,606.66
SPY,2024-12-06,607.81
SPY,2024-12-09,604.68
SPY,2024-12-10,602.8
SPY,2024-12-11,607.46
SPY,2024-12-12,604.33
SPY,2024-12-13,604.21
SPY,2024-12-16,606.79
SPY,2024-12-17,604.29
SPY,2024-12-18,586.28
SPY,2024-12-19,586.1
SPY,2024-12-20,591.15
SPY,2024-12-23,594.69
SPY,2024-12-24,601.3
SPY,2024-12-26,601.34
SPY,2024-12-27,595.01
SPY,2024-12-30,588.22
SPY,2024-12-31,586.08
SPY,2025-01-02,584.64
SPY,2025-01-03,591.95
SPY,2025-01-06,595.36
SPY,2025-01-07,588.63
SPY,2025-01-08,589.49
SPY,2025-01-10,580.49
SPY,2025-01-13,581.39
SPY,2025-01-14,582.19
SPY,2025-01-15,592.78
SPY,2025-01-16,591.64
SPY,2025-01-17,597.58
SPY,2025-01-21,603.05
SPY,2025-01-22,606.44
SPY,2025-01-23,609.75
SPY,2025-01-24,607.97
SPY,2025-01-27,599.37
SPY,2025-01-28,604.52
SPY,2025-01-29,601.81
SPY,2025-01-30,605.04
SPY,2025-01-31,601.82
SPY,2025-02-03,597.77
SPY,2025-02-04,601.78
SPY,2025-02-05,604.22
SPY,2025-02-06,606.32
SPY,2025-02-07,600.77
SPY,2025-02-10,604.85
SPY,2025-02-11,605.31
SPY,2025-02-12,603.36
SPY,2025-02-13,609.73
SPY,2025-02-14,609.7
SPY,2025-02-18,611.49
SPY,2025-02-19,612.93
SPY,2025-02-20,610.38
SPY,2025-02-21,599.94
SPY,2025-02-24,597.21
SPY,2025-02-25,594.24
SPY,2025-02-26,594.54
SPY,2025-02-27,585.05
SPY,2025-02-28,594.18
SPY,2025-03-03,583.77
SPY,2025-03-04,576.86
SPY,2025-03-05,583.06
SPY,2025-03-06,572.71
SPY,2025-03-07,575.92
SPY,2025-03-10,560.58
SPY,2025-03-11,555.92
SPY,2025-03-12,558.87
SPY,2025-03-13,551.42
SPY,2025-03-14,562.81
SPY,2025-03-17,567.15
SPY,2025-03-18,561.02
SPY,2025-03-19,567.13
SPY,2025-03-20,565.49
SPY,2025-03-21,563.98
SPY,2025-03-24,574.08
SPY,2025-03-25,575.46
SPY,2025-03-26,568.59
SPY,2025-03-27,567.08
SPY,2025-03-28,555.66
SPY,2025-03-31,559.39
SPY,2025-04-01,560.97
SPY,2025-04-02,564.52
SPY,2025-04-03,536.7
SPY,2025-04-04,505.28
SPY,2025-04-07,504.38
SPY,2025-04-08,496.48
SPY,2025-04-09,548.62
SPY,2025-04-10,524.58
SPY,2025-04-11,533.94
SPY,2025-04-14,539.12
SPY,2025-04-15,537.61
SPY,2025-04-16,525.66
SPY,2025-04-17,526.41
SPY,2025-04-21,513.88
SPY,2025-04-22,527.25
SPY,2025-04-23,535.42
SPY,2025-04-24,546.69
SPY,2025-04-25,550.64
SPY,2025-04-28,550.85
SPY,2025-04-29,554.32
SPY,2025-04-30,554.54
SPY,2025-05-01,558.47
SPY,2025-05-02,566.76
SPY,2025-05-05,563.51
SPY,2025-05-06,558.8
SPY,2025-05-07,561.15
SPY,2025-05-08,565.06
SPY,2025-05-09,564.34
SPY,2025-05-12,582.99
SPY,2025-05-13,586.84
SPY,2025-05-14,587.59
SPY,2025-05-15,590.46
SPY,2025-05-16,594.2
SPY,2025-05-19,594.85
SPY,2025-05-20,592.85
SPY,2025-05-21,582.86
SPY,2025-05-22,583.09
SPY,2025-05-23,579.11
SPY,2025-05-27,591.15
SPY,2025-05-28,587.73
SPY,2025-05-29,590.05
SPY,2025-05-30,589.39
SPY,2025-06-02,592.71
SPY,2025-06-03,596.09
SPY,2025-06-04,595.93
SPY,2025-06-05,593.05
SPY,2025-06-06,599.14
SPY,2025-06-09,599.68
SPY,2025-06-10,603.08
SPY,2025-06-11,601.36
SPY,2025-06-12,603.75
SPY,2025-06-13,597.0
SPY,2025-06-16,602.68
SPY,2025-06-17,597.53
SPY,2025-06-18,597.44
SPY,2025-06-20,594.28
SPY,2025-06-23,600.15
SPY,2025-06-24,606.78
SPY,2025-06-25,607.12
SPY,2025-06-26,611.87
SPY,2025-06-27,614.91
SPY,2025-06-30,617.85
SPY,2025-07-01,617.65
SPY,2025-07-02,620.45
SPY,2025-07-03,625.34
SPY,2025-07-07,620.68
SPY,2025-07-08,620.34
SPY,2025-07-09,624.06
SPY,2025-07-10,625.82
SPY,2025-07-11,623.62
SPY,2025-07-14,624.81
SPY,2025-07-15,622.14
SPY,2025-07-16,624.22
SPY,2025-07-17,628.04
SPY,2025-07-18,627.58
SPY,2025-07-21,628.77
SPY,2025-07-22,628.86
SPY,2025-07-23,634.21
SPY,2025-07-24,634.42
SPY,2025-07-25,637.1
SPY,2025-07-28,636.94
SPY,2025-07-29,635.26
SPY,2025-07-30,634.46
SPY,2025-07-31,632.08
SPY,2025-08-01,621.72
SPY,2025-08-04,631.17
SPY,2025-08-05,627.97
SPY,2025-08-06,632.78
SPY,2025-08-07,632.25
SPY,2025-08-08,637.18
SPY,2025-08-11,635.92
SPY,2025-08-12,642.69
SPY,2025-08-13,644.89
SPY,2025-08-14,644.95
SPY,2025-08-15,643.44
SPY,2025-08-18,643.3
SPY,2025-08-19,639.81
SPY,2025-08-20,638.11
SPY,2025-08-21,635.55
SPY,2025-08-22,645.31
SPY,2025-08-25,642.47
SPY,2025-08-26,645.16
SPY,2025-08-27,646.63
SPY,2025-08-28,648.92
SPY,2025-08-29,645.05
SPY,2025-09-02,640.27
SPY,2025-09-03,643.74
SPY,2025-09-04,649.12
SPY,2025-09-05,647.24
SPY,2025-09-08,648.83
SPY,2025-09-09,650.33
SPY,2025-09-10,652.21
SPY,2025-09-11,657.63
SPY,2025-09-12,657.41
SPY,2025-09-15,660.91
SPY,2025-09-16,660.0
SPY,2025-09-17,659.18
SPY,2025-09-18,662.26
SPY,2025-09-19,663.7
SPY,2025-09-22,666.84
SPY,2025-09-23,663.21
SPY,2025-09-24,661.1
SPY,2025-09-25,658.05
SPY,2025-09-26,661.82
SPY,2025-09-29,663.68
SPY,2025-09-30,666.18
SPY,2025-10-01,668.45
SPY,2025-10-02,669.22
SPY,2025-10-03,669.21
SPY,2025-10-06,671.61
SPY,2025-10-07,669.12
SPY,2025-10-08,673.11
SPY,2025-10-09,671.16
SPY,2025-10-10,653.02
SPY,2025-10-13,663.04
SPY,2025-10-14,662.23
SPY,2025-10-15,665.17
SPY,2025-10-16,660.64
SPY,2025-10-17,664.39
SPY,2025-10-20,671.3
SPY,2025-10-21,671.29
SPY,2025-10-22,667.8
SPY,2025-10-23,671.76
SPY,2025-10-24,677.25
SPY,2025-10-27,685.24
SPY,2025-10-28,687.06
SPY,2025-10-29,687.39
SPY,2025-10-30,679.83
SPY,2025-10-31,682.06
SPY,2025-11-03,683.34
SPY,2025-11-04,675.24
SPY,2025-11-05,677.58
SPY,2025-11-06,670.31
SPY,2025-11-07,670.97
SPY,2025-11-10,681.44
SPY,2025-11-11,683.0
SPY,2025-11-12,683.38
SPY,2025-11-13,672.04
SPY,2025-11-14,671.93
SPY,2025-11-17,665.67
SPY,2025-11-18,660.08
SPY,2025-11-19,662.63
SPY,2025-11-20,652.53
SPY,2025-11-21,659.03
SPY,2025-11-24,668.73
SPY,2025-11-25,675.02
SPY,2025-11-26,679.68
SPY,2025-11-28,683.39
SPY,2025-12-01,680.27
SPY,2025-12-02,681.53
SPY,2025-12-03,683.89
SPY,2025-12-04,684.39
SPY,2025-12-05,685.69
SPY,2025-12-08,683.63
SPY,2025-12-09,683.04
SPY,2025-12-10,687.57
SPY,2025-12-11,689.17
SPY,2025-12-12,681.76
SPY,2025-12-15,680.73
SPY,2025-12-16,678.87
SPY,2025-12-17,671.4
SPY,2025-12-18,676.47
SPY,2025-12-19,680.59
SPY,2025-12-22,684.83
SPY,2025-12-23,687.96
SPY,2025-12-24,690.38
SPY,2025-12-26,690.31
SPY,2025-12-29,687.85
SPY,2025-12-30,687.01
SPY,2025-12-31,681.92
SPY,2026-01-02,683.17
SPY,2026-01-05,687.72
SPY,2026-01-06,691.81
SPY,2026-01-07,689.58
SPY,2026-01-08,689.51
SPY,2026-01-09,694.07
SPY,2026-01-12,695.16
SPY,2026-01-13,693.77
SPY,2026-01-14,690.36
SPY,2026-01-15,692.24
SPY,2026-01-16,691.66
SPY,2026-01-20,677.58
SPY,2026-01-21,685.4
SPY,2026-01-22,688.98
SPY,2026-01-23,689.23
SPY,2026-01-26,692.73
SPY,2026-01-27,695.49
SPY,2026-01-28,695.42
SPY,2026-01-29,694.04
SPY,2026-01-30,691.97
SPY,2026-02-02,695.41
SPY,2026-02-03,689.53
SPY,2026-02-04,686.19
SPY,2026-02-05,677.62
SPY,2026-02-06,690.62
SPY,2026-02-09,693.95
SPY,2026-02-10,692.12
SPY,2026-02-11,691.96
SPY,2026-02-12,681.27
SPY,2026-02-13,681.75
SPY,2026-02-17,682.85
SPY,2026-02-18,686.29
SPY,2026-02-19,684.48
SPY,2026-02-20,689.43
SPY,2026-02-23,682.39
SPY,2026-02-24,687.35
SPY,2026-02-25,693.15
SPY,2026-02-26,689.3
SPY,2026-02-27,685.99
SPY,2026-03-02,686.38
SPY,2026-03-03,680.33
SPY,2026-03-04,685.13
SPY,2026-03-05,681.31
SPY,2026-03-06,672.38
SPY,2026-03-09,678.27
SPY,2026-03-10,677.18
SPY,2026-03-11,676.33
SPY,2026-03-12,666.06
SPY,2026-03-13,662.29
SPY,2026-03-16,669.03
SPY,2026-03-17,670.79
SPY,2026-03-18,661.43
SPY,2026-03-19,659.8
SPY,2026-03-20,648.57
SPY,2026-03-23,655.38
SPY,2026-03-24,653.18
SPY,2026-03-25,656.82
SPY,2026-03-26,645.09
SPY,2026-03-27,634.09
SPY,2026-03-30,631.97
SPY,2026-03-31,650.34
SPY,2026-04-01,655.24
SPY,2026-04-02,655.83
SPY,2026-04-06,658.93
SPY,2026-04-07,659.22
SPY,2026-04-08,676.01
SPY,2026-04-09,679.91
SPY,2026-04-10,679.46
SPY,2026-04-13,686.1
SPY,2026-04-14,694.46
SPY,2026-04-15,699.94
SPY,2026-04-16,701.66
SPY,2026-04-17,710.14
SPY,2026-04-20,708.72
SPY,2026-04-21,704.08
SPY,2026-04-22,711.21
SPY,2026-04-23,708.45
SPY,2026-04-24,713.94
SPY,2026-04-27,715.17
SPY,2026-04-28,711.69
SPY,2026-04-29,711.58
SPY,2026-04-30,718.66
SPY,2026-05-01,720.65
SPY,2026-05-04,718.01
SPY,2026-05-05,723.77
SPY,2026-05-06,733.83
SPY,2026-05-07,731.58
SPY,2026-05-08,737.62
SPY,2026-05-11,739.3
SPY,2026-05-12,738.18
SPY,2026-05-13,742.31
SPY,2026-05-14,748.17
SPY,2026-05-15,739.17
SPY,2026-05-18,738.65
SPY,2026-05-19,733.73
SPY,2026-05-20,741.25
SPY,2026-05-21,742.72
SPY,2026-05-22,745.64
SPY,2026-05-26,750.59
SPY,2026-05-27,750.46
SPY,2026-05-28,754.6
SPY,2026-05-29,756.48
SPY,2026-06-01,758.54
SPY,2026-06-02,759.57
SPY,2026-06-03,754.24
SPY,2026-06-04,757.09
SPY,2026-06-05,737.55
SPY,2026-06-08,739.22
SPY,2026-06-09,737.05
SPY,2026-06-10,725.43
SPY,2026-06-11,737.76
SPY,2026-06-12,741.75
SPY,2026-06-15,754.83
SPY,2026-06-16,750.33
SPY,2026-06-17,740.96
SPY,2026-06-18,746.74
SPY,2026-06-22,744.39
SPY,2026-06-23,733.58
SPY,2026-06-24,733.24
SPY,2026-06-25,734.3
SPY,2026-06-26,728.99
SPY,2026-06-29,741.0
SPY,2026-06-30,746.77
SPY,2026-07-01,745.76
SPY,2026-07-02,744.78
SPY,2026-07-06,751.28
SPY,2026-07-07,747.71
SPY,2026-07-08,745.4
SPY,2026-07-09,751.71
SPY,2026-07-10,754.95
QQQ,2024-07-11,491.93
QQQ,2024-07-12,494.82
QQQ,2024-07-15,496.15
QQQ,2024-07-16,496.34
QQQ,2024-07-17,481.77
QQQ,2024-07-18,479.49
QQQ,2024-07-19,475.24
QQQ,2024-07-22,482.32
QQQ,2024-07-23,480.62
QQQ,2024-07-24,463.38
QQQ,2024-07-25,458.27
QQQ,2024-07-26,462.97
QQQ,2024-07-29,463.9
QQQ,2024-07-30,457.53
QQQ,2024-07-31,471.07
QQQ,2024-08-01,459.66
QQQ,2024-08-02,448.75
QQQ,2024-08-05,435.37
QQQ,2024-08-06,439.53
QQQ,2024-08-07,434.77
QQQ,2024-08-08,448.07
QQQ,2024-08-09,450.41
QQQ,2024-08-12,451.38
QQQ,2024-08-13,462.58
QQQ,2024-08-14,462.73
QQQ,2024-08-15,474.42
QQQ,2024-08-16,475.03
QQQ,2024-08-19,481.27
QQQ,2024-08-20,480.26
QQQ,2024-08-21,482.5
QQQ,2024-08-22,474.85
QQQ,2024-08-23,480.0
QQQ,2024-08-26,475.34
QQQ,2024-08-27,476.76
QQQ,2024-08-28,471.35
QQQ,2024-08-29,470.66
QQQ,2024-08-30,476.27
QQQ,2024-09-03,461.81
QQQ,2024-09-04,460.61
QQQ,2024-09-05,461.04
QQQ,2024-09-06,448.69
QQQ,2024-09-09,454.46
QQQ,2024-09-10,458.66
QQQ,2024-09-11,468.62
QQQ,2024-09-12,473.22
QQQ,2024-09-13,475.34
QQQ,2024-09-16,473.24
QQQ,2024-09-17,473.49
QQQ,2024-09-18,471.44
QQQ,2024-09-19,483.36
QQQ,2024-09-20,482.44
QQQ,2024-09-23,483.04
QQQ,2024-09-24,485.37
QQQ,2024-09-25,485.82
QQQ,2024-09-26,489.47
QQQ,2024-09-27,486.75
QQQ,2024-09-30,488.07
QQQ,2024-10-01,481.27
QQQ,2024-10-02,481.95
QQQ,2024-10-03,481.59
QQQ,2024-10-04,487.32
QQQ,2024-10-07,482.1
QQQ,2024-10-08,489.3
QQQ,2024-10-09,493.15
QQQ,2024-10-10,492.59
QQQ,2024-10-11,493.36
QQQ,2024-10-14,497.5
QQQ,2024-10-15,490.85
QQQ,2024-10-16,490.91
QQQ,2024-10-17,491.25
QQQ,2024-10-18,494.47
QQQ,2024-10-21,495.42
QQQ,2024-10-22,495.96
QQQ,2024-10-23,488.36
QQQ,2024-10-24,492.32
QQQ,2024-10-25,495.32
QQQ,2024-10-28,495.4
QQQ,2024-10-29,500.16
QQQ,2024-10-30,496.38
QQQ,2024-10-31,483.85
QQQ,2024-11-01,487.43
QQQ,2024-11-04,486.01
QQQ,2024-11-05,492.21
QQQ,2024-11-06,505.58
QQQ,2024-11-07,513.54
QQQ,2024-11-08,514.14
QQQ,2024-11-11,513.84
QQQ,2024-11-12,512.91
QQQ,2024-11-13,512.25
QQQ,2024-11-14,508.69
QQQ,2024-11-15,496.57
QQQ,2024-11-18,500.02
QQQ,2024-11-19,503.46
QQQ,2024-11-20,503.17
QQQ,2024-11-21,504.98
QQQ,2024-11-22,505.79
QQQ,2024-11-25,506.59
QQQ,2024-11-26,509.31
QQQ,2024-11-27,505.3
QQQ,2024-11-29,509.74
QQQ,2024-12-02,515.29
QQQ,2024-12-03,516.87
QQQ,2024-12-04,523.26
QQQ,2024-12-05,521.81
QQQ,2024-12-06,526.48
QQQ,2024-12-09,522.38
QQQ,2024-12-10,520.6
QQQ,2024-12-11,529.92
QQQ,2024-12-12,526.5
QQQ,2024-12-13,530.53
QQQ,2024-12-16,538.17
QQQ,2024-12-17,535.8
QQQ,2024-12-18,516.47
QQQ,2024-12-19,514.17
QQQ,2024-12-20,518.66
QQQ,2024-12-23,522.87
QQQ,2024-12-24,529.96
QQQ,2024-12-26,529.6
QQQ,2024-12-27,522.56
QQQ,2024-12-30,515.61
QQQ,2024-12-31,511.23
QQQ,2025-01-02,510.23
QQQ,2025-01-03,518.58
QQQ,2025-01-06,524.54
QQQ,2025-01-07,515.18
QQQ,2025-01-08,515.27
QQQ,2025-01-10,507.19
QQQ,2025-01-13,505.56
QQQ,2025-01-14,505.08
QQQ,2025-01-15,516.7
QQQ,2025-01-16,513.08
QQQ,2025-01-17,521.74
QQQ,2025-01-21,524.8
QQQ,2025-01-22,531.51
QQQ,2025-01-23,532.64
QQQ,2025-01-24,529.63
QQQ,2025-01-27,514.21
QQQ,2025-01-28,521.81
QQQ,2025-01-29,520.83
QQQ,2025-01-30,523.05
QQQ,2025-01-31,522.29
QQQ,2025-02-03,518.11
QQQ,2025-02-04,524.47
QQQ,2025-02-05,526.85
QQQ,2025-02-06,529.6
QQQ,2025-02-07,522.92
QQQ,2025-02-10,529.25
QQQ,2025-02-11,527.99
QQQ,2025-02-12,528.3
QQQ,2025-02-13,535.9
QQQ,2025-02-14,538.15
QQQ,2025-02-18,539.37
QQQ,2025-02-19,539.52
QQQ,2025-02-20,537.23
QQQ,2025-02-21,526.08
QQQ,2025-02-24,519.87
QQQ,2025-02-25,513.32
QQQ,2025-02-26,514.56
QQQ,2025-02-27,500.27
QQQ,2025-02-28,508.17
QQQ,2025-03-03,497.05
QQQ,2025-03-04,495.55
QQQ,2025-03-05,502.01
QQQ,2025-03-06,488.2
QQQ,2025-03-07,491.79
QQQ,2025-03-10,472.73
QQQ,2025-03-11,471.6
QQQ,2025-03-12,476.92
QQQ,2025-03-13,468.34
QQQ,2025-03-14,479.66
QQQ,2025-03-17,482.77
QQQ,2025-03-18,474.54
QQQ,2025-03-19,480.89
QQQ,2025-03-20,479.26
QQQ,2025-03-21,480.84
QQQ,2025-03-24,490.66
QQQ,2025-03-25,493.46
QQQ,2025-03-26,484.38
QQQ,2025-03-27,481.62
QQQ,2025-03-28,468.94
QQQ,2025-03-31,468.92
QQQ,2025-04-01,472.7
QQQ,2025-04-02,476.15
QQQ,2025-04-03,450.66
QQQ,2025-04-04,422.67
QQQ,2025-04-07,423.69
QQQ,2025-04-08,416.06
QQQ,2025-04-09,466.0
QQQ,2025-04-10,446.18
QQQ,2025-04-11,454.4
QQQ,2025-04-14,457.48
QQQ,2025-04-15,457.99
QQQ,2025-04-16,444.18
QQQ,2025-04-17,444.1
QQQ,2025-04-21,433.11
QQQ,2025-04-22,444.48
QQQ,2025-04-23,454.56
QQQ,2025-04-24,467.35
QQQ,2025-04-25,472.56
QQQ,2025-04-28,472.41
QQQ,2025-04-29,475.53
QQQ,2025-04-30,475.47
QQQ,2025-05-01,481.68
QQQ,2025-05-02,488.83
QQQ,2025-05-05,485.93
QQQ,2025-05-06,481.41
QQQ,2025-05-07,483.3
QQQ,2025-05-08,488.29
QQQ,2025-05-09,487.97
QQQ,2025-05-12,507.85
QQQ,2025-05-13,515.59
QQQ,2025-05-14,518.68
QQQ,2025-05-15,519.25
QQQ,2025-05-16,521.51
QQQ,2025-05-19,522.01
QQQ,2025-05-20,520.27
QQQ,2025-05-21,513.04
QQQ,2025-05-22,514.0
QQQ,2025-05-23,509.24
QQQ,2025-05-27,521.22
QQQ,2025-05-28,518.91
QQQ,2025-05-29,519.93
QQQ,2025-05-30,519.11
QQQ,2025-06-02,523.21
QQQ,2025-06-03,527.3
QQQ,2025-06-04,528.77
QQQ,2025-06-05,524.79
QQQ,2025-06-06,529.92
QQQ,2025-06-09,530.7
QQQ,2025-06-10,534.21
QQQ,2025-06-11,532.41
QQQ,2025-06-12,533.66
QQQ,2025-06-13,526.96
QQQ,2025-06-16,534.29
QQQ,2025-06-17,529.08
QQQ,2025-06-18,528.99
QQQ,2025-06-20,526.83
QQQ,2025-06-23,531.65
QQQ,2025-06-24,539.78
QQQ,2025-06-25,541.16
QQQ,2025-06-26,546.22
QQQ,2025-06-27,548.09
QQQ,2025-06-30,551.64
QQQ,2025-07-01,546.99
QQQ,2025-07-02,550.8
QQQ,2025-07-03,556.22
QQQ,2025-07-07,552.03
QQQ,2025-07-08,552.34
QQQ,2025-07-09,556.25
QQQ,2025-07-10,555.45
QQQ,2025-07-11,554.2
QQQ,2025-07-14,556.21
QQQ,2025-07-15,556.72
QQQ,2025-07-16,557.29
QQQ,2025-07-17,561.8
QQQ,2025-07-18,561.26
QQQ,2025-07-21,564.17
QQQ,2025-07-22,561.25
QQQ,2025-07-23,563.81
QQQ,2025-07-24,565.01
QQQ,2025-07-25,566.37
QQQ,2025-07-28,568.14
QQQ,2025-07-29,567.26
QQQ,2025-07-30,568.02
QQQ,2025-07-31,565.01
QQQ,2025-08-01,553.88
QQQ,2025-08-04,564.1
QQQ,2025-08-05,560.27
QQQ,2025-08-06,567.32
QQQ,2025-08-07,569.24
QQQ,2025-08-08,574.55
QQQ,2025-08-11,572.85
QQQ,2025-08-12,580.05
QQQ,2025-08-13,580.34
QQQ,2025-08-14,579.89
QQQ,2025-08-15,577.34
QQQ,2025-08-18,577.11
QQQ,2025-08-19,569.28
QQQ,2025-08-20,565.9
QQQ,2025-08-21,563.28
QQQ,2025-08-22,571.97
QQQ,2025-08-25,570.32
QQQ,2025-08-26,572.61
QQQ,2025-08-27,573.49
QQQ,2025-08-28,577.08
QQQ,2025-08-29,570.4
QQQ,2025-09-02,565.62
QQQ,2025-09-03,570.07
QQQ,2025-09-04,575.23
QQQ,2025-09-05,576.06
QQQ,2025-09-08,578.87
QQQ,2025-09-09,580.51
QQQ,2025-09-10,580.7
QQQ,2025-09-11,584.08
QQQ,2025-09-12,586.66
QQQ,2025-09-15,591.68
QQQ,2025-09-16,591.18
QQQ,2025-09-17,590.0
QQQ,2025-09-18,595.32
QQQ,2025-09-19,599.35
QQQ,2025-09-22,602.2
QQQ,2025-09-23,598.2
QQQ,2025-09-24,596.1
QQQ,2025-09-25,593.53
QQQ,2025-09-26,595.97
QQQ,2025-09-29,598.73
QQQ,2025-09-30,600.37
QQQ,2025-10-01,603.25
QQQ,2025-10-02,605.73
QQQ,2025-10-03,603.18
QQQ,2025-10-06,607.71
QQQ,2025-10-07,604.51
QQQ,2025-10-08,611.44
QQQ,2025-10-09,610.7
QQQ,2025-10-10,589.5
QQQ,2025-10-13,602.01
QQQ,2025-10-14,598.0
QQQ,2025-10-15,602.22
QQQ,2025-10-16,599.99
QQQ,2025-10-17,603.93
QQQ,2025-10-20,611.54
QQQ,2025-10-21,611.38
QQQ,2025-10-22,605.49
QQQ,2025-10-23,610.58
QQQ,2025-10-24,617.1
QQQ,2025-10-27,628.09
QQQ,2025-10-28,632.92
QQQ,2025-10-29,635.77
QQQ,2025-10-30,626.05
QQQ,2025-10-31,629.07
QQQ,2025-11-03,632.08
QQQ,2025-11-04,619.25
QQQ,2025-11-05,623.28
QQQ,2025-11-06,611.67
QQQ,2025-11-07,609.74
QQQ,2025-11-10,623.23
QQQ,2025-11-11,621.57
QQQ,2025-11-12,621.08
QQQ,2025-11-13,608.4
QQQ,2025-11-14,608.86
QQQ,2025-11-17,603.66
QQQ,2025-11-18,596.31
QQQ,2025-11-19,599.87
QQQ,2025-11-20,585.67
QQQ,2025-11-21,590.07
QQQ,2025-11-24,605.16
QQQ,2025-11-25,608.89
QQQ,2025-11-26,614.27
QQQ,2025-11-28,619.25
QQQ,2025-12-01,617.17
QQQ,2025-12-02,622.0
QQQ,2025-12-03,623.52
QQQ,2025-12-04,622.94
QQQ,2025-12-05,625.48
QQQ,2025-12-08,624.28
QQQ,2025-12-09,625.05
QQQ,2025-12-10,627.61
QQQ,2025-12-11,625.58
QQQ,2025-12-12,613.62
QQQ,2025-12-15,610.54
QQQ,2025-12-16,611.75
QQQ,2025-12-17,600.41
QQQ,2025-12-18,609.11
QQQ,2025-12-19,617.05
QQQ,2025-12-22,619.21
QQQ,2025-12-23,622.11
QQQ,2025-12-24,623.93
QQQ,2025-12-26,623.89
QQQ,2025-12-29,620.87
QQQ,2025-12-30,619.43
QQQ,2025-12-31,614.31
QQQ,2026-01-02,613.12
QQQ,2026-01-05,617.99
QQQ,2026-01-06,623.42
QQQ,2026-01-07,624.02
QQQ,2026-01-08,620.47
QQQ,2026-01-09,626.65
QQQ,2026-01-12,627.17
QQQ,2026-01-13,626.24
QQQ,2026-01-14,619.55
QQQ,2026-01-15,621.78
QQQ,2026-01-16,621.26
QQQ,2026-01-20,608.06
QQQ,2026-01-21,616.28
QQQ,2026-01-22,620.76
QQQ,2026-01-23,622.72
QQQ,2026-01-26,625.46
QQQ,2026-01-27,631.13
QQQ,2026-01-28,633.22
QQQ,2026-01-29,629.43
QQQ,2026-01-30,621.87
QQQ,2026-02-02,626.14
QQQ,2026-02-03,616.52
QQQ,2026-02-04,605.75
QQQ,2026-02-05,597.03
QQQ,2026-02-06,609.65
QQQ,2026-02-09,614.32
QQQ,2026-02-10,611.47
QQQ,2026-02-11,613.11
QQQ,2026-02-12,600.64
QQQ,2026-02-13,601.92
QQQ,2026-02-17,601.3
QQQ,2026-02-18,605.79
QQQ,2026-02-19,603.47
QQQ,2026-02-20,608.81
QQQ,2026-02-23,601.41
QQQ,2026-02-24,607.87
QQQ,2026-02-25,616.68
QQQ,2026-02-26,609.24
QQQ,2026-02-27,607.29
QQQ,2026-03-02,608.09
QQQ,2026-03-03,601.58
QQQ,2026-03-04,610.75
QQQ,2026-03-05,608.91
QQQ,2026-03-06,599.75
QQQ,2026-03-09,607.76
QQQ,2026-03-10,607.77
QQQ,2026-03-11,607.69
QQQ,2026-03-12,597.26
QQQ,2026-03-13,593.72
QQQ,2026-03-16,600.38
QQQ,2026-03-17,603.31
QQQ,2026-03-18,594.9
QQQ,2026-03-19,593.02
QQQ,2026-03-20,582.06
QQQ,2026-03-23,588.0
QQQ,2026-03-24,583.98
QQQ,2026-03-25,587.82
QQQ,2026-03-26,573.79
QQQ,2026-03-27,562.58
QQQ,2026-03-30,558.28
QQQ,2026-03-31,577.18
QQQ,2026-04-01,584.31
QQQ,2026-04-02,584.98
QQQ,2026-04-06,588.5
QQQ,2026-04-07,588.59
QQQ,2026-04-08,606.09
QQQ,2026-04-09,610.19
QQQ,2026-04-10,611.07
QQQ,2026-04-13,617.39
QQQ,2026-04-14,628.6
QQQ,2026-04-15,637.4
QQQ,2026-04-16,640.47
QQQ,2026-04-17,648.85
QQQ,2026-04-20,646.79
QQQ,2026-04-21,644.33
QQQ,2026-04-22,655.11
QQQ,2026-04-23,651.42
QQQ,2026-04-24,663.88
QQQ,2026-04-27,664.23
QQQ,2026-04-28,657.55
QQQ,2026-04-29,661.57
QQQ,2026-04-30,667.74
QQQ,2026-05-01,674.15
QQQ,2026-05-04,672.88
QQQ,2026-05-05,681.61
QQQ,2026-05-06,695.77
QQQ,2026-05-07,694.94
QQQ,2026-05-08,711.23
QQQ,2026-05-11,713.29
QQQ,2026-05-12,707.24
QQQ,2026-05-13,714.71
QQQ,2026-05-14,719.79
QQQ,2026-05-15,708.93
QQQ,2026-05-18,705.88
QQQ,2026-05-19,701.53
QQQ,2026-05-20,713.15
QQQ,2026-05-21,714.51
QQQ,2026-05-22,717.54
QQQ,2026-05-26,730.28
QQQ,2026-05-27,729.45
QQQ,2026-05-28,735.6
QQQ,2026-05-29,738.31
QQQ,2026-06-01,742.74
QQQ,2026-06-02,746.16
QQQ,2026-06-03,744.21
QQQ,2026-06-04,740.61
QQQ,2026-06-05,705.06
QQQ,2026-06-08,716.07
QQQ,2026-06-09,707.83
QQQ,2026-06-10,693.69
QQQ,2026-06-11,717.12
QQQ,2026-06-12,721.34
QQQ,2026-06-15,744.0
QQQ,2026-06-16,729.86
QQQ,2026-06-17,722.51
QQQ,2026-06-18,740.62
QQQ,2026-06-22,737.95
QQQ,2026-06-23,713.65
QQQ,2026-06-24,710.62
QQQ,2026-06-25,716.38
QQQ,2026-06-26,706.52
QQQ,2026-06-29,724.08
QQQ,2026-06-30,736.4
QQQ,2026-07-01,725.17
QQQ,2026-07-02,712.6
QQQ,2026-07-06,722.82
QQQ,2026-07-07,709.43
QQQ,2026-07-08,711.44
QQQ,2026-07-09,723.28
QQQ,2026-07-10,725.51
XIU.TO,2024-07-10,33.81
XIU.TO,2024-07-11,34.05
XIU.TO,2024-07-12,34.25
XIU.TO,2024-07-15,34.37
XIU.TO,2024-07-16,34.73
XIU.TO,2024-07-17,34.56
XIU.TO,2024-07-18,34.38
XIU.TO,2024-07-19,34.35
XIU.TO,2024-07-22,34.62
XIU.TO,2024-07-23,34.49
XIU.TO,2024-07-24,34.26
XIU.TO,2024-07-25,34.25
XIU.TO,2024-07-26,34.55
XIU.TO,2024-07-29,34.51
XIU.TO,2024-07-30,34.62
XIU.TO,2024-07-31,35.03
XIU.TO,2024-08-01,34.46
XIU.TO,2024-08-02,33.75
XIU.TO,2024-08-06,33.36
XIU.TO,2024-08-07,33.31
XIU.TO,2024-08-08,33.85
XIU.TO,2024-08-09,33.98
XIU.TO,2024-08-12,34.08
XIU.TO,2024-08-13,34.4
XIU.TO,2024-08-14,34.61
XIU.TO,2024-08-15,35.07
XIU.TO,2024-08-16,35.1
XIU.TO,2024-08-19,35.19
XIU.TO,2024-08-20,35.06
XIU.TO,2024-08-21,35.17
XIU.TO,2024-08-22,35.08
XIU.TO,2024-08-23,35.42
XIU.TO,2024-08-26,35.52
XIU.TO,2024-08-27,35.11
XIU.TO,2024-08-28,34.97
XIU.TO,2024-08-29,35.13
XIU.TO,2024-08-30,35.31
XIU.TO,2024-09-03,34.99
XIU.TO,2024-09-04,34.99
XIU.TO,2024-09-05,34.92
XIU.TO,2024-09-06,34.65
XIU.TO,2024-09-09,35.09
XIU.TO,2024-09-10,34.98
XIU.TO,2024-09-11,35.29
XIU.TO,2024-09-12,35.66
XIU.TO,2024-09-13,35.78
XIU.TO,2024-09-16,36.0
XIU.TO,2024-09-17,35.91
XIU.TO,2024-09-18,35.78
XIU.TO,2024-09-19,36.19
XIU.TO,2024-09-20,36.2
XIU.TO,2024-09-23,36.27
XIU.TO,2024-09-24,36.28
XIU.TO,2024-09-25,36.21
XIU.TO,2024-09-26,36.4
XIU.TO,2024-09-27,36.36
XIU.TO,2024-09-30,36.39
XIU.TO,2024-10-01,36.42
XIU.TO,2024-10-02,36.41
XIU.TO,2024-10-03,36.31
XIU.TO,2024-10-04,36.6
XIU.TO,2024-10-07,36.53
XIU.TO,2024-10-08,36.51
XIU.TO,2024-10-09,36.75
XIU.TO,2024-10-10,36.84
XIU.TO,2024-10-11,37.1
XIU.TO,2024-10-15,37.05
XIU.TO,2024-10-16,37.25
XIU.TO,2024-10-17,37.48
XIU.TO,2024-10-18,37.65
XIU.TO,2024-10-21,37.48
XIU.TO,2024-10-22,37.43
XIU.TO,2024-10-23,37.26
XIU.TO,2024-10-24,37.23
XIU.TO,2024-10-25,37.09
XIU.TO,2024-10-28,37.29
XIU.TO,2024-10-29,37.24
XIU.TO,2024-10-30,37.18
XIU.TO,2024-10-31,36.67
XIU.TO,2024-11-01,36.77
XIU.TO,2024-11-04,36.78
XIU.TO,2024-11-05,36.99
XIU.TO,2024-11-06,37.4
XIU.TO,2024-11-07,37.68
XIU.TO,2024-11-08,37.61
XIU.TO,2024-11-11,37.7
XIU.TO,2024-11-12,37.97
XIU.TO,2024-11-13,38.13
XIU.TO,2024-11-14,38.2
XIU.TO,2024-11-15,37.97
XIU.TO,2024-11-18,38.04
XIU.TO,2024-11-19,38.07
XIU.TO,2024-11-20,38.07
XIU.TO,2024-11-21,38.3
XIU.TO,2024-11-22,38.41
XIU.TO,2024-11-25,38.37
XIU.TO,2024-11-26,38.4
XIU.TO,2024-11-27,38.54
XIU.TO,2024-11-28,38.65
XIU.TO,2024-11-29,38.78
XIU.TO,2024-12-02,38.73
XIU.TO,2024-12-03,38.74
XIU.TO,2024-12-04,38.74
XIU.TO,2024-12-05,38.8
XIU.TO,2024-12-06,38.84
XIU.TO,2024-12-09,38.74
XIU.TO,2024-12-10,38.59
XIU.TO,2024-12-11,38.83
XIU.TO,2024-12-12,38.44
XIU.TO,2024-12-13,38.27
XIU.TO,2024-12-16,38.1
XIU.TO,2024-12-17,38.09
XIU.TO,2024-12-18,37.23
XIU.TO,2024-12-19,37.0
XIU.TO,2024-12-20,37.26
XIU.TO,2024-12-23,37.5
XIU.TO,2024-12-24,37.62
XIU.TO,2024-12-27,37.57
XIU.TO,2024-12-30,37.3
XIU.TO,2024-12-31,37.47
XIU.TO,2025-01-02,37.7
XIU.TO,2025-01-03,37.97
XIU.TO,2025-01-06,37.89
XIU.TO,2025-01-07,37.78
XIU.TO,2025-01-08,38.03
XIU.TO,2025-01-09,38.05
XIU.TO,2025-01-10,37.51
XIU.TO,2025-01-13,37.24
XIU.TO,2025-01-14,37.27
XIU.TO,2025-01-15,37.6
XIU.TO,2025-01-16,37.71
XIU.TO,2025-01-17,38.08
XIU.TO,2025-01-20,38.18
XIU.TO,2025-01-21,38.4
XIU.TO,2025-01-22,38.41
XIU.TO,2025-01-23,38.64
XIU.TO,2025-01-24,38.7
XIU.TO,2025-01-27,38.63
XIU.TO,2025-01-28,38.85
XIU.TO,2025-01-29,38.94
XIU.TO,2025-01-30,39.43
XIU.TO,2025-01-31,39.04
XIU.TO,2025-02-03,38.56
XIU.TO,2025-02-04,38.51
XIU.TO,2025-02-05,38.93
XIU.TO,2025-02-06,38.89
XIU.TO,2025-02-07,38.74
XIU.TO,2025-02-10,39.07
XIU.TO,2025-02-11,39.11
XIU.TO,2025-02-12,38.95
XIU.TO,2025-02-13,39.2
XIU.TO,2025-02-14,38.87
XIU.TO,2025-02-18,39.13
XIU.TO,2025-02-19,39.05
XIU.TO,2025-02-20,38.89
XIU.TO,2025-02-21,38.39
XIU.TO,2025-02-24,38.39
XIU.TO,2025-02-25,38.23
XIU.TO,2025-02-26,38.4
XIU.TO,2025-02-27,38.13
XIU.TO,2025-02-28,38.59
XIU.TO,2025-03-03,38.03
XIU.TO,2025-03-04,37.32
XIU.TO,2025-03-05,37.74
XIU.TO,2025-03-06,37.33
XIU.TO,2025-03-07,37.61
XIU.TO,2025-03-10,37.1
XIU.TO,2025-03-11,36.78
XIU.TO,2025-03-12,37.02
XIU.TO,2025-03-13,36.65
XIU.TO,2025-03-14,37.24
XIU.TO,2025-03-17,37.55
XIU.TO,2025-03-18,37.42
XIU.TO,2025-03-19,37.98
XIU.TO,2025-03-20,37.95
XIU.TO,2025-03-21,37.85
XIU.TO,2025-03-24,38.4
XIU.TO,2025-03-25,38.43
XIU.TO,2025-03-26,38.16
XIU.TO,2025-03-27,38.16
XIU.TO,2025-03-28,37.55
XIU.TO,2025-03-31,37.87
XIU.TO,2025-04-01,38.03
XIU.TO,2025-04-02,38.46
XIU.TO,2025-04-03,37.01
XIU.TO,2025-04-04,35.35
XIU.TO,2025-04-07,34.85
XIU.TO,2025-04-08,34.31
XIU.TO,2025-04-09,36.08
XIU.TO,2025-04-10,35.03
XIU.TO,2025-04-11,35.87
XIU.TO,2025-04-14,36.26
XIU.TO,2025-04-15,36.58
XIU.TO,2025-04-16,36.56
XIU.TO,2025-04-17,36.72
XIU.TO,2025-04-21,36.48
XIU.TO,2025-04-22,37.02
XIU.TO,2025-04-23,37.24
XIU.TO,2025-04-24,37.62
XIU.TO,2025-04-25,37.62
XIU.TO,2025-04-28,37.78
XIU.TO,2025-04-29,37.93
XIU.TO,2025-04-30,37.84
XIU.TO,2025-05-01,37.84
XIU.TO,2025-05-02,38.19
XIU.TO,2025-05-05,38.09
XIU.TO,2025-05-06,38.02
XIU.TO,2025-05-07,38.29
XIU.TO,2025-05-08,38.46
XIU.TO,2025-05-09,38.55
XIU.TO,2025-05-12,38.9
XIU.TO,2025-05-13,39.0
XIU.TO,2025-05-14,39.14
XIU.TO,2025-05-15,39.5
XIU.TO,2025-05-16,39.6
XIU.TO,2025-05-20,39.69
XIU.TO,2025-05-21,39.29
XIU.TO,2025-05-22,39.09
XIU.TO,2025-05-23,39.06
XIU.TO,2025-05-26,39.35
XIU.TO,2025-05-27,39.66
XIU.TO,2025-05-28,39.68
XIU.TO,2025-05-29,39.58
XIU.TO,2025-05-30,39.53
XIU.TO,2025-06-02,39.88
XIU.TO,2025-06-03,39.84
XIU.TO,2025-06-04,39.67
XIU.TO,2025-06-05,39.67
XIU.TO,2025-06-06,39.82
XIU.TO,2025-06-09,39.69
XIU.TO,2025-06-10,39.8
XIU.TO,2025-06-11,39.96
XIU.TO,2025-06-12,40.04
XIU.TO,2025-06-13,39.88
XIU.TO,2025-06-16,40.0
XIU.TO,2025-06-17,39.91
XIU.TO,2025-06-18,39.93
XIU.TO,2025-06-19,39.85
XIU.TO,2025-06-20,39.83
XIU.TO,2025-06-23,40.02
XIU.TO,2025-06-24,40.24
XIU.TO,2025-06-25,39.96
XIU.TO,2025-06-26,40.23
XIU.TO,2025-06-27,40.18
XIU.TO,2025-06-30,40.41
XIU.TO,2025-07-02,40.44
XIU.TO,2025-07-03,40.72
XIU.TO,2025-07-04,40.72
XIU.TO,2025-07-07,40.66
XIU.TO,2025-07-08,40.49
XIU.TO,2025-07-09,40.58
XIU.TO,2025-07-10,40.78
XIU.TO,2025-07-11,40.65
XIU.TO,2025-07-14,40.93
XIU.TO,2025-07-15,40.67
XIU.TO,2025-07-16,40.89
XIU.TO,2025-07-17,41.32
XIU.TO,2025-07-18,41.16
XIU.TO,2025-07-21,41.13
XIU.TO,2025-07-22,41.21
XIU.TO,2025-07-23,41.27
XIU.TO,2025-07-24,41.22
XIU.TO,2025-07-25,41.42
XIU.TO,2025-07-28,41.3
XIU.TO,2025-07-29,41.44
XIU.TO,2025-07-30,41.23
XIU.TO,2025-07-31,41.1
XIU.TO,2025-08-01,40.69
XIU.TO,2025-08-05,41.5
XIU.TO,2025-08-06,42.15
XIU.TO,2025-08-07,41.82
XIU.TO,2025-08-08,41.82
XIU.TO,2025-08-11,41.86
XIU.TO,2025-08-12,42.0
XIU.TO,2025-08-13,42.11
XIU.TO,2025-08-14,41.99
XIU.TO,2025-08-15,41.97
XIU.TO,2025-08-18,41.96
XIU.TO,2025-08-19,41.93
XIU.TO,2025-08-20,42.03
XIU.TO,2025-08-21,42.24
XIU.TO,2025-08-22,42.63
XIU.TO,2025-08-25,42.36
XIU.TO,2025-08-26,42.39
XIU.TO,2025-08-27,42.57
XIU.TO,2025-08-28,42.52
XIU.TO,2025-08-29,42.76
XIU.TO,2025-09-02,42.79
XIU.TO,2025-09-03,43.0
XIU.TO,2025-09-04,43.27
XIU.TO,2025-09-05,43.41
XIU.TO,2025-09-08,43.36
XIU.TO,2025-09-09,43.42
XIU.TO,2025-09-10,43.53
XIU.TO,2025-09-11,43.88
XIU.TO,2025-09-12,43.67
XIU.TO,2025-09-15,43.91
XIU.TO,2025-09-16,43.78
XIU.TO,2025-09-17,43.82
XIU.TO,2025-09-18,44.03
XIU.TO,2025-09-19,44.47
XIU.TO,2025-09-22,44.7
XIU.TO,2025-09-23,44.5
XIU.TO,2025-09-24,44.44
XIU.TO,2025-09-25,44.35
XIU.TO,2025-09-26,44.34
XIU.TO,2025-09-29,44.68
XIU.TO,2025-09-30,44.77
XIU.TO,2025-10-01,44.86
XIU.TO,2025-10-02,44.93
XIU.TO,2025-10-03,45.49
XIU.TO,2025-10-06,45.52
XIU.TO,2025-10-07,45.27
XIU.TO,2025-10-08,45.34
XIU.TO,2025-10-09,45.08
XIU.TO,2025-10-10,44.45
XIU.TO,2025-10-14,45.13
XIU.TO,2025-10-15,45.49
XIU.TO,2025-10-16,45.17
XIU.TO,2025-10-17,44.81
XIU.TO,2025-10-20,45.26
XIU.TO,2025-10-21,44.64
XIU.TO,2025-10-22,44.76
XIU.TO,2025-10-23,45.03
XIU.TO,2025-10-24,45.28
XIU.TO,2025-10-27,45.29
XIU.TO,2025-10-28,45.46
XIU.TO,2025-10-29,44.96
XIU.TO,2025-10-30,45.01
XIU.TO,2025-10-31,45.14
XIU.TO,2025-11-03,45.2
XIU.TO,2025-11-04,44.52
XIU.TO,2025-11-05,44.99
XIU.TO,2025-11-06,44.64
XIU.TO,2025-11-07,44.67
XIU.TO,2025-11-10,45.23
XIU.TO,2025-11-11,45.44
XIU.TO,2025-11-12,45.99
XIU.TO,2025-11-13,45.18
XIU.TO,2025-11-14,45.31
XIU.TO,2025-11-17,44.93
XIU.TO,2025-11-18,44.89
XIU.TO,2025-11-19,44.87
XIU.TO,2025-11-20,44.51
XIU.TO,2025-11-21,44.83
XIU.TO,2025-11-24,45.37
XIU.TO,2025-11-25,45.86
XIU.TO,2025-11-26,46.22
XIU.TO,2025-11-27,46.26
XIU.TO,2025-11-28,46.43
XIU.TO,2025-12-01,46.0
XIU.TO,2025-12-02,46.0
XIU.TO,2025-12-03,46.17
XIU.TO,2025-12-04,46.66
XIU.TO,2025-12-05,46.42
XIU.TO,2025-12-08,46.15
XIU.TO,2025-12-09,46.21
XIU.TO,2025-12-10,46.57
XIU.TO,2025-12-11,46.8
XIU.TO,2025-12-12,46.7
XIU.TO,2025-12-15,46.65
XIU.TO,2025-12-16,46.31
XIU.TO,2025-12-17,46.31
XIU.TO,2025-12-18,46.67
XIU.TO,2025-12-19,47.06
XIU.TO,2025-12-22,47.29
XIU.TO,2025-12-23,47.38
XIU.TO,2025-12-24,47.36
XIU.TO,2025-12-29,47.27
XIU.TO,2025-12-30,47.22
XIU.TO,2025-12-31,46.99
XIU.TO,2026-01-02,47.25
XIU.TO,2026-01-05,47.71
XIU.TO,2026-01-06,47.91
XIU.TO,2026-01-07,47.49
XIU.TO,2026-01-08,47.92
XIU.TO,2026-01-09,48.22
XIU.TO,2026-01-12,48.48
XIU.TO,2026-01-13,48.51
XIU.TO,2026-01-14,48.53
XIU.TO,2026-01-15,48.69
XIU.TO,2026-01-16,48.64
XIU.TO,2026-01-19,48.65
XIU.TO,2026-01-20,47.96
XIU.TO,2026-01-21,48.13
XIU.TO,2026-01-22,48.25
XIU.TO,2026-01-23,48.38
XIU.TO,2026-01-26,48.35
XIU.TO,2026-01-27,48.26
XIU.TO,2026-01-28,48.3
XIU.TO,2026-01-29,48.26
XIU.TO,2026-01-30,46.9
XIU.TO,2026-02-02,47.33
XIU.TO,2026-02-03,47.41
XIU.TO,2026-02-04,47.67
XIU.TO,2026-02-05,47.09
XIU.TO,2026-02-06,47.65
XIU.TO,2026-02-09,48.4
XIU.TO,2026-02-10,48.78
XIU.TO,2026-02-11,48.65
XIU.TO,2026-02-12,47.79
XIU.TO,2026-02-13,48.53
XIU.TO,2026-02-17,48.38
XIU.TO,2026-02-18,49.08
XIU.TO,2026-02-19,49.3
XIU.TO,2026-02-20,49.57
XIU.TO,2026-02-23,49.41
XIU.TO,2026-02-24,49.32
XIU.TO,2026-02-25,49.63
XIU.TO,2026-02-26,50.03
XIU.TO,2026-02-27,49.71
XIU.TO,2026-03-02,50.06
XIU.TO,2026-03-03,49.16
XIU.TO,2026-03-04,49.42
XIU.TO,2026-03-05,49.05
XIU.TO,2026-03-06,48.28
XIU.TO,2026-03-09,48.46
XIU.TO,2026-03-10,48.55
XIU.TO,2026-03-11,48.37
XIU.TO,2026-03-12,48.03
XIU.TO,2026-03-13,47.7
XIU.TO,2026-03-16,48.27
XIU.TO,2026-03-17,48.37
XIU.TO,2026-03-18,47.54
XIU.TO,2026-03-19,47.02
XIU.TO,2026-03-20,46.23
XIU.TO,2026-03-23,47.05
XIU.TO,2026-03-24,47.07
XIU.TO,2026-03-25,47.67
XIU.TO,2026-03-26,47.05
XIU.TO,2026-03-27,47.04
XIU.TO,2026-03-30,47.07
XIU.TO,2026-03-31,48.15
XIU.TO,2026-04-01,48.38
XIU.TO,2026-04-02,48.63
XIU.TO,2026-04-06,48.74
XIU.TO,2026-04-07,48.85
XIU.TO,2026-04-08,49.41
XIU.TO,2026-04-09,49.16
XIU.TO,2026-04-10,49.48
XIU.TO,2026-04-13,49.75
XIU.TO,2026-04-14,50.05
XIU.TO,2026-04-15,50.22
XIU.TO,2026-04-16,50.07
XIU.TO,2026-04-17,50.49
XIU.TO,2026-04-20,50.51
XIU.TO,2026-04-21,49.88
XIU.TO,2026-04-22,49.99
XIU.TO,2026-04-23,50.0
XIU.TO,2026-04-24,49.97
XIU.TO,2026-04-27,49.81
XIU.TO,2026-04-28,49.58
XIU.TO,2026-04-29,49.18
XIU.TO,2026-04-30,50.19
XIU.TO,2026-05-01,50.05
XIU.TO,2026-05-04,49.74
XIU.TO,2026-05-05,49.6
XIU.TO,2026-05-06,49.99
XIU.TO,2026-05-07,49.73
XIU.TO,2026-05-08,50.09
XIU.TO,2026-05-11,50.06
XIU.TO,2026-05-12,50.26
XIU.TO,2026-05-13,49.85
XIU.TO,2026-05-14,50.31
XIU.TO,2026-05-15,49.82
XIU.TO,2026-05-19,49.94
XIU.TO,2026-05-20,50.58
XIU.TO,2026-05-21,50.72
XIU.TO,2026-05-22,50.78
XIU.TO,2026-05-25,51.25
XIU.TO,2026-05-26,50.89
XIU.TO,2026-05-27,50.64
XIU.TO,2026-05-28,50.65
XIU.TO,2026-05-29,50.86
XIU.TO,2026-06-01,50.96
XIU.TO,2026-06-02,51.64
XIU.TO,2026-06-03,51.19
XIU.TO,2026-06-04,51.85
XIU.TO,2026-06-05,50.85
XIU.TO,2026-06-08,50.98
XIU.TO,2026-06-09,50.97
XIU.TO,2026-06-10,50.72
XIU.TO,2026-06-11,51.43
XIU.TO,2026-06-12,51.75
XIU.TO,2026-06-15,52.11
XIU.TO,2026-06-16,52.27
XIU.TO,2026-06-17,51.95
XIU.TO,2026-06-18,51.73
XIU.TO,2026-06-19,51.56
XIU.TO,2026-06-22,51.84
XIU.TO,2026-06-23,51.92
XIU.TO,2026-06-24,51.74
XIU.TO,2026-06-25,51.91
XIU.TO,2026-06-26,51.96
XIU.TO,2026-06-29,51.75
XIU.TO,2026-06-30,51.81
XIU.TO,2026-07-02,51.95
XIU.TO,2026-07-03,52.28
XIU.TO,2026-07-06,52.28
XIU.TO,2026-07-07,52.56
XIU.TO,2026-07-08,52.06
XIU.TO,2026-07-09,52.42
XIU.TO,2026-07-10,52.69
IWM,2024-07-11,210.68
IWM,2024-07-12,213.14
IWM,2024-07-15,217.19
IWM,2024-07-16,224.6
IWM,2024-07-17,222.25
IWM,2024-07-18,217.95
IWM,2024-07-19,216.84
IWM,2024-07-22,220.29
IWM,2024-07-23,222.63
IWM,2024-07-24,217.85
IWM,2024-07-25,220.57
IWM,2024-07-26,224.22
IWM,2024-07-29,221.73
IWM,2024-07-30,222.57
IWM,2024-07-31,223.86
IWM,2024-08-01,216.58
IWM,2024-08-02,208.92
IWM,2024-08-05,202.2
IWM,2024-08-06,204.4
IWM,2024-08-07,201.98
IWM,2024-08-08,206.89
IWM,2024-08-09,206.46
IWM,2024-08-12,204.6
IWM,2024-08-13,207.97
IWM,2024-08-14,206.68
IWM,2024-08-15,212.04
IWM,2024-08-16,212.6
IWM,2024-08-19,215.2
IWM,2024-08-20,212.69
IWM,2024-08-21,215.46
IWM,2024-08-22,213.56
IWM,2024-08-23,220.38
IWM,2024-08-26,220.45
IWM,2024-08-27,218.74
IWM,2024-08-28,217.26
IWM,2024-08-29,218.81
IWM,2024-08-30,220.08
IWM,2024-09-03,213.35
IWM,2024-09-04,212.99
IWM,2024-09-05,211.93
IWM,2024-09-06,207.9
IWM,2024-09-09,208.48
IWM,2024-09-10,208.31
IWM,2024-09-11,208.92
IWM,2024-09-12,211.61
IWM,2024-09-13,216.83
IWM,2024-09-16,217.61
IWM,2024-09-17,219.41
IWM,2024-09-18,219.45
IWM,2024-09-19,223.97
IWM,2024-09-20,221.57
IWM,2024-09-23,220.76
IWM,2024-09-24,221.13
IWM,2024-09-25,217.69
IWM,2024-09-26,218.85
IWM,2024-09-27,220.33
IWM,2024-09-30,220.89
IWM,2024-10-01,217.89
IWM,2024-10-02,217.59
IWM,2024-10-03,216.13
IWM,2024-10-04,219.15
IWM,2024-10-07,217.43
IWM,2024-10-08,217.58
IWM,2024-10-09,218.06
IWM,2024-10-10,216.85
IWM,2024-10-11,221.26
IWM,2024-10-14,222.89
IWM,2024-10-15,223.07
IWM,2024-10-16,226.74
IWM,2024-10-17,226.12
IWM,2024-10-18,225.65
IWM,2024-10-21,222.1
IWM,2024-10-22,221.26
IWM,2024-10-23,219.24
IWM,2024-10-24,219.72
IWM,2024-10-25,218.89
IWM,2024-10-28,222.46
IWM,2024-10-29,221.74
IWM,2024-10-30,221.44
IWM,2024-10-31,217.76
IWM,2024-11-01,218.98
IWM,2024-11-04,220.09
IWM,2024-11-05,224.23
IWM,2024-11-06,237.22
IWM,2024-11-07,236.38
IWM,2024-11-08,238.12
IWM,2024-11-11,241.7
IWM,2024-11-12,237.46
IWM,2024-11-13,235.11
IWM,2024-11-14,231.94
IWM,2024-11-15,228.48
IWM,2024-11-18,228.93
IWM,2024-11-19,230.63
IWM,2024-11-20,230.93
IWM,2024-11-21,234.44
IWM,2024-11-22,238.77
IWM,2024-11-25,242.4
IWM,2024-11-26,240.62
IWM,2024-11-27,240.95
IWM,2024-11-29,241.87
IWM,2024-12-02,241.75
IWM,2024-12-03,240.03
IWM,2024-12-04,240.89
IWM,2024-12-05,238.08
IWM,2024-12-06,238.93
IWM,2024-12-09,237.73
IWM,2024-12-10,236.7
IWM,2024-12-11,237.77
IWM,2024-12-12,234.68
IWM,2024-12-13,233.07
IWM,2024-12-16,234.44
IWM,2024-12-17,231.07
IWM,2024-12-18,220.84
IWM,2024-12-19,219.86
IWM,2024-12-20,221.92
IWM,2024-12-23,221.41
IWM,2024-12-24,223.39
IWM,2024-12-26,225.68
IWM,2024-12-27,222.39
IWM,2024-12-30,220.68
IWM,2024-12-31,220.96
IWM,2025-01-02,221.14
IWM,2025-01-03,224.43
IWM,2025-01-06,224.52
IWM,2025-01-07,222.72
IWM,2025-01-08,221.71
IWM,2025-01-10,216.83
IWM,2025-01-13,217.25
IWM,2025-01-14,219.72
IWM,2025-01-15,224.04
IWM,2025-01-16,224.49
IWM,2025-01-17,225.46
IWM,2025-01-21,229.79
IWM,2025-01-22,228.29
IWM,2025-01-23,229.33
IWM,2025-01-24,228.69
IWM,2025-01-27,226.5
IWM,2025-01-28,226.75
IWM,2025-01-29,226.23
IWM,2025-01-30,228.53
IWM,2025-01-31,226.48
IWM,2025-02-03,223.83
IWM,2025-02-04,226.93
IWM,2025-02-05,229.4
IWM,2025-02-06,228.65
IWM,2025-02-07,226.0
IWM,2025-02-10,227.02
IWM,2025-02-11,225.7
IWM,2025-02-12,223.62
IWM,2025-02-13,226.14
IWM,2025-02-14,225.97
IWM,2025-02-18,227.21
IWM,2025-02-19,226.43
IWM,2025-02-20,224.26
IWM,2025-02-21,217.8
IWM,2025-02-24,216.23
IWM,2025-02-25,215.41
IWM,2025-02-26,215.68
IWM,2025-02-27,212.39
IWM,2025-02-28,214.65
IWM,2025-03-03,208.78
IWM,2025-03-04,206.42
IWM,2025-03-05,208.47
IWM,2025-03-06,205.28
IWM,2025-03-07,205.95
IWM,2025-03-10,200.77
IWM,2025-03-11,200.75
IWM,2025-03-12,201.1
IWM,2025-03-13,198.1
IWM,2025-03-14,202.89
IWM,2025-03-17,205.45
IWM,2025-03-18,203.21
IWM,2025-03-19,206.37
IWM,2025-03-20,205.06
IWM,2025-03-21,203.79
IWM,2025-03-24,208.86
IWM,2025-03-25,207.7
IWM,2025-03-26,205.59
IWM,2025-03-27,204.61
IWM,2025-03-28,200.45
IWM,2025-03-31,199.49
IWM,2025-04-01,199.51
IWM,2025-04-02,202.66
IWM,2025-04-03,189.65
IWM,2025-04-04,181.19
IWM,2025-04-07,179.55
IWM,2025-04-08,174.82
IWM,2025-04-09,189.68
IWM,2025-04-10,181.71
IWM,2025-04-11,184.36
IWM,2025-04-14,186.53
IWM,2025-04-15,186.76
IWM,2025-04-16,184.97
IWM,2025-04-17,186.48
IWM,2025-04-21,182.74
IWM,2025-04-22,187.47
IWM,2025-04-23,190.25
IWM,2025-04-24,194.06
IWM,2025-04-25,194.12
IWM,2025-04-28,194.94
IWM,2025-04-29,196.09
IWM,2025-04-30,194.86
IWM,2025-05-01,196.07
IWM,2025-05-02,200.48
IWM,2025-05-05,198.94
IWM,2025-05-06,196.77
IWM,2025-05-07,197.42
IWM,2025-05-08,201.18
IWM,2025-05-09,200.81
IWM,2025-05-12,207.87
IWM,2025-05-13,208.63
IWM,2025-05-14,206.78
IWM,2025-05-15,208.13
IWM,2025-05-16,209.85
IWM,2025-05-19,208.97
IWM,2025-05-20,209.08
IWM,2025-05-21,203.21
IWM,2025-05-22,203.2
IWM,2025-05-23,202.56
IWM,2025-05-27,207.7
IWM,2025-05-28,205.51
IWM,2025-05-29,206.12
IWM,2025-05-30,205.07
IWM,2025-06-02,205.71
IWM,2025-06-03,209.03
IWM,2025-06-04,208.44
IWM,2025-06-05,208.53
IWM,2025-06-06,211.9
IWM,2025-06-09,213.36
IWM,2025-06-10,214.51
IWM,2025-06-11,213.63
IWM,2025-06-12,212.78
IWM,2025-06-13,208.89
IWM,2025-06-16,210.77
IWM,2025-06-17,208.55
IWM,2025-06-18,209.65
IWM,2025-06-20,209.21
IWM,2025-06-23,211.77
IWM,2025-06-24,214.47
IWM,2025-06-25,211.97
IWM,2025-06-26,215.41
IWM,2025-06-27,215.48
IWM,2025-06-30,215.79
IWM,2025-07-01,218.01
IWM,2025-07-02,221.03
IWM,2025-07-03,223.08
IWM,2025-07-07,219.73
IWM,2025-07-08,221.25
IWM,2025-07-09,223.65
IWM,2025-07-10,224.8
IWM,2025-07-11,221.7
IWM,2025-07-14,223.19
IWM,2025-07-15,218.82
IWM,2025-07-16,221.02
IWM,2025-07-17,223.92
IWM,2025-07-18,222.33
IWM,2025-07-21,221.43
IWM,2025-07-22,223.27
IWM,2025-07-23,226.68
IWM,2025-07-24,223.55
IWM,2025-07-25,224.38
IWM,2025-07-28,224.12
IWM,2025-07-29,222.69
IWM,2025-07-30,221.56
IWM,2025-07-31,219.39
IWM,2025-08-01,214.92
IWM,2025-08-04,219.73
IWM,2025-08-05,220.85
IWM,2025-08-06,220.56
IWM,2025-08-07,219.84
IWM,2025-08-08,220.32
IWM,2025-08-11,220.27
IWM,2025-08-12,226.81
IWM,2025-08-13,231.22
IWM,2025-08-14,228.24
IWM,2025-08-15,227.13
IWM,2025-08-18,227.96
IWM,2025-08-19,226.21
IWM,2025-08-20,225.41
IWM,2025-08-21,225.97
IWM,2025-08-22,234.83
IWM,2025-08-25,232.36
IWM,2025-08-26,234.28
IWM,2025-08-27,235.94
IWM,2025-08-28,236.22
IWM,2025-08-29,235.17
IWM,2025-09-02,233.9
IWM,2025-09-03,233.67
IWM,2025-09-04,236.59
IWM,2025-09-05,237.77
IWM,2025-09-08,238.25
IWM,2025-09-09,236.85
IWM,2025-09-10,236.43
IWM,2025-09-11,240.8
IWM,2025-09-12,238.34
IWM,2025-09-15,239.35
IWM,2025-09-16,238.28
IWM,2025-09-17,238.89
IWM,2025-09-18,244.84
IWM,2025-09-19,242.98
IWM,2025-09-22,244.39
IWM,2025-09-23,243.84
IWM,2025-09-24,241.6
IWM,2025-09-25,239.29
IWM,2025-09-26,241.34
IWM,2025-09-29,241.62
IWM,2025-09-30,241.96
IWM,2025-10-01,242.49
IWM,2025-10-02,244.02
IWM,2025-10-03,245.83
IWM,2025-10-06,246.81
IWM,2025-10-07,244.16
IWM,2025-10-08,246.72
IWM,2025-10-09,245.13
IWM,2025-10-10,237.79
IWM,2025-10-13,244.41
IWM,2025-10-14,247.9
IWM,2025-10-15,250.33
IWM,2025-10-16,245.06
IWM,2025-10-17,243.41
IWM,2025-10-20,248.16
IWM,2025-10-21,246.99
IWM,2025-10-22,243.34
IWM,2025-10-23,246.42
IWM,2025-10-24,249.43
IWM,2025-10-27,250.3
IWM,2025-10-28,248.96
IWM,2025-10-29,246.84
IWM,2025-10-30,244.85
IWM,2025-10-31,246.23
IWM,2025-11-03,245.44
IWM,2025-11-04,241.2
IWM,2025-11-05,244.68
IWM,2025-11-06,240.35
IWM,2025-11-07,241.61
IWM,2025-11-10,244.03
IWM,2025-11-11,244.24
IWM,2025-11-12,243.64
IWM,2025-11-13,236.79
IWM,2025-11-14,237.48
IWM,2025-11-17,232.76
IWM,2025-11-18,233.47
IWM,2025-11-19,233.43
IWM,2025-11-20,229.11
IWM,2025-11-21,235.6
IWM,2025-11-24,239.9
IWM,2025-11-25,245.13
IWM,2025-11-26,247.3
IWM,2025-11-28,248.75
IWM,2025-12-01,245.62
IWM,2025-12-02,245.17
IWM,2025-12-03,249.63
IWM,2025-12-04,251.82
IWM,2025-12-05,250.77
IWM,2025-12-08,250.87
IWM,2025-12-09,251.39
IWM,2025-12-10,254.81
IWM,2025-12-11,257.8
IWM,2025-12-12,253.85
IWM,2025-12-15,251.93
IWM,2025-12-16,249.9
IWM,2025-12-17,247.24
IWM,2025-12-18,248.71
IWM,2025-12-19,250.79
IWM,2025-12-22,253.58
IWM,2025-12-23,252.08
IWM,2025-12-24,252.71
IWM,2025-12-26,251.42
IWM,2025-12-29,249.88
IWM,2025-12-30,248.03
IWM,2025-12-31,246.16
IWM,2026-01-02,248.78
IWM,2026-01-05,252.73
IWM,2026-01-06,256.08
IWM,2026-01-07,255.48
IWM,2026-01-08,258.27
IWM,2026-01-09,260.23
IWM,2026-01-12,261.5
IWM,2026-01-13,261.35
IWM,2026-01-14,263.19
IWM,2026-01-15,265.51
IWM,2026-01-16,265.76
IWM,2026-01-20,262.58
IWM,2026-01-21,267.79
IWM,2026-01-22,269.79
IWM,2026-01-23,264.81
IWM,2026-01-26,263.98
IWM,2026-01-27,264.73
IWM,2026-01-28,263.3
IWM,2026-01-29,263.37
IWM,2026-01-30,259.65
IWM,2026-02-02,262.18
IWM,2026-02-03,262.78
IWM,2026-02-04,260.52
IWM,2026-02-05,255.83
IWM,2026-02-06,265.02
IWM,2026-02-09,266.88
IWM,2026-02-10,266.16
IWM,2026-02-11,264.95
IWM,2026-02-12,259.54
IWM,2026-02-13,262.96
IWM,2026-02-17,263.04
IWM,2026-02-18,263.99
IWM,2026-02-19,264.6
IWM,2026-02-20,264.61
IWM,2026-02-23,260.49
IWM,2026-02-24,263.33
IWM,2026-02-25,264.58
IWM,2026-02-26,265.99
IWM,2026-02-27,261.41
IWM,2026-03-02,263.81
IWM,2026-03-03,259.24
IWM,2026-03-04,261.76
IWM,2026-03-05,256.76
IWM,2026-03-06,250.89
IWM,2026-03-09,253.62
IWM,2026-03-10,253.36
IWM,2026-03-11,252.85
IWM,2026-03-12,247.41
IWM,2026-03-13,246.59
IWM,2026-03-16,248.92
IWM,2026-03-17,250.05
IWM,2026-03-18,246.02
IWM,2026-03-19,247.63
IWM,2026-03-20,242.22
IWM,2026-03-23,247.45
IWM,2026-03-24,248.78
IWM,2026-03-25,251.82
IWM,2026-03-26,247.44
IWM,2026-03-27,243.1
IWM,2026-03-30,239.61
IWM,2026-03-31,248.0
IWM,2026-04-01,249.56
IWM,2026-04-02,251.29
IWM,2026-04-06,252.36
IWM,2026-04-07,252.91
IWM,2026-04-08,260.47
IWM,2026-04-09,261.96
IWM,2026-04-10,261.3
IWM,2026-04-13,265.07
IWM,2026-04-14,268.72
IWM,2026-04-15,269.39
IWM,2026-04-16,269.95
IWM,2026-04-17,275.78
IWM,2026-04-20,277.35
IWM,2026-04-21,274.51
IWM,2026-04-22,276.48
IWM,2026-04-23,275.52
IWM,2026-04-24,276.65
IWM,2026-04-27,277.14
IWM,2026-04-28,273.91
IWM,2026-04-29,272.08
IWM,2026-04-30,277.97
IWM,2026-05-01,279.28
IWM,2026-05-04,277.88
IWM,2026-05-05,282.56
IWM,2026-05-06,286.8
IWM,2026-05-07,282.26
IWM,2026-05-08,284.17
IWM,2026-05-11,285.33
IWM,2026-05-12,282.57
IWM,2026-05-13,282.67
IWM,2026-05-14,284.45
IWM,2026-05-15,277.6
IWM,2026-05-18,275.97
IWM,2026-05-19,273.0
IWM,2026-05-20,279.87
IWM,2026-05-21,282.49
IWM,2026-05-22,285.12
IWM,2026-05-26,290.51
IWM,2026-05-27,290.37
IWM,2026-05-28,292.03
IWM,2026-05-29,290.43
IWM,2026-06-01,288.98
IWM,2026-06-02,291.66
IWM,2026-06-03,287.67
IWM,2026-06-04,292.01
IWM,2026-06-05,281.65
IWM,2026-06-08,284.11
IWM,2026-06-09,285.02
IWM,2026-06-10,282.05
IWM,2026-06-11,290.41
IWM,2026-06-12,292.95
IWM,2026-06-15,294.64
IWM,2026-06-16,292.08
IWM,2026-06-17,289.88
IWM,2026-06-18,295.59
IWM,2026-06-22,298.18
IWM,2026-06-23,295.32
IWM,2026-06-24,296.69
IWM,2026-06-25,298.91
IWM,2026-06-26,299.83
IWM,2026-06-29,298.97
IWM,2026-06-30,300.45
IWM,2026-07-01,299.32
IWM,2026-07-02,297.58
IWM,2026-07-06,298.9
IWM,2026-07-07,296.19
IWM,2026-07-08,293.48
IWM,2026-07-09,297.24
IWM,2026-07-10,295.99
EEM,2024-07-11,44.33
EEM,2024-07-12,44.51
EEM,2024-07-15,44.04
EEM,2024-07-16,44.29
EEM,2024-07-17,43.57
EEM,2024-07-18,43.16
EEM,2024-07-19,42.74
EEM,2024-07-22,43.1
EEM,2024-07-23,42.72
EEM,2024-07-24,42.1
EEM,2024-07-25,41.93
EEM,2024-07-26,42.36
EEM,2024-07-29,42.22
EEM,2024-07-30,42.03
EEM,2024-07-31,42.95
EEM,2024-08-01,42.2
EEM,2024-08-02,41.6
EEM,2024-08-05,40.42
EEM,2024-08-06,40.65
EEM,2024-08-07,40.9
EEM,2024-08-08,41.83
EEM,2024-08-09,42.06
EEM,2024-08-12,42.2
EEM,2024-08-13,42.67
EEM,2024-08-14,42.44
EEM,2024-08-15,42.91
EEM,2024-08-16,43.41
EEM,2024-08-19,43.83
EEM,2024-08-20,43.49
EEM,2024-08-21,43.66
EEM,2024-08-22,43.12
EEM,2024-08-23,43.84
EEM,2024-08-26,43.47
EEM,2024-08-27,43.53
EEM,2024-08-28,43.26
EEM,2024-08-29,43.28
EEM,2024-08-30,43.37
EEM,2024-09-03,42.51
EEM,2024-09-04,42.5
EEM,2024-09-05,42.56
EEM,2024-09-06,41.78
EEM,2024-09-09,42.13
EEM,2024-09-10,41.97
EEM,2024-09-11,42.28
EEM,2024-09-12,42.63
EEM,2024-09-13,42.83
EEM,2024-09-16,42.97
EEM,2024-09-17,43.02
EEM,2024-09-18,42.87
EEM,2024-09-19,43.78
EEM,2024-09-20,43.69
EEM,2024-09-23,44.03
EEM,2024-09-24,45.53
EEM,2024-09-25,45.05
EEM,2024-09-26,46.7
EEM,2024-09-27,46.61
EEM,2024-09-30,45.86
EEM,2024-10-01,46.19
EEM,2024-10-02,47.1
EEM,2024-10-03,46.54
EEM,2024-10-04,46.97
EEM,2024-10-07,47.36
EEM,2024-10-08,46.19
EEM,2024-10-09,45.94
EEM,2024-10-10,46.03
EEM,2024-10-11,46.36
EEM,2024-10-14,46.17
EEM,2024-10-15,45.19
EEM,2024-10-16,45.54
EEM,2024-10-17,45.47
EEM,2024-10-18,45.92
EEM,2024-10-21,45.6
EEM,2024-10-22,45.5
EEM,2024-10-23,45.23
EEM,2024-10-24,45.16
EEM,2024-10-25,45.12
EEM,2024-10-28,45.32
EEM,2024-10-29,45.18
EEM,2024-10-30,44.74
EEM,2024-10-31,44.45
EEM,2024-11-01,44.49
EEM,2024-11-04,44.74
EEM,2024-11-05,45.35
EEM,2024-11-06,44.79
EEM,2024-11-07,45.78
EEM,2024-11-08,44.65
EEM,2024-11-11,44.31
EEM,2024-11-12,43.47
EEM,2024-11-13,43.19
EEM,2024-11-14,42.95
EEM,2024-11-15,42.95
EEM,2024-11-18,43.44
EEM,2024-11-19,43.41
EEM,2024-11-20,43.36
EEM,2024-11-21,43.27
EEM,2024-11-22,43.28
EEM,2024-11-25,43.31
EEM,2024-11-26,43.13
EEM,2024-11-27,43.19
EEM,2024-11-29,43.26
EEM,2024-12-02,43.43
EEM,2024-12-03,43.52
EEM,2024-12-04,43.63
EEM,2024-12-05,43.92
EEM,2024-12-06,43.85
EEM,2024-12-09,44.75
EEM,2024-12-10,44.03
EEM,2024-12-11,44.21
EEM,2024-12-12,43.99
EEM,2024-12-13,44.03
EEM,2024-12-16,43.79
EEM,2024-12-17,42.96
EEM,2024-12-18,41.96
EEM,2024-12-19,42.1
EEM,2024-12-20,42.27
EEM,2024-12-23,42.51
EEM,2024-12-24,42.64
EEM,2024-12-26,42.49
EEM,2024-12-27,42.3
EEM,2024-12-30,41.96
EEM,2024-12-31,41.82
EEM,2025-01-02,41.76
EEM,2025-01-03,42.15
EEM,2025-01-06,42.3
EEM,2025-01-07,42.0
EEM,2025-01-08,41.8
EEM,2025-01-10,41.09
EEM,2025-01-13,40.81
EEM,2025-01-14,41.27
EEM,2025-01-15,41.81
EEM,2025-01-16,41.76
EEM,2025-01-17,42.09
EEM,2025-01-21,42.54
EEM,2025-01-22,42.57
EEM,2025-01-23,42.67
EEM,2025-01-24,42.95
EEM,2025-01-27,42.17
EEM,2025-01-28,42.48
EEM,2025-01-29,42.49
EEM,2025-01-30,43.21
EEM,2025-01-31,42.72
EEM,2025-02-03,42.41
EEM,2025-02-04,43.17
EEM,2025-02-05,43.06
EEM,2025-02-06,43.24
EEM,2025-02-07,43.2
EEM,2025-02-10,43.72
EEM,2025-02-11,43.55
EEM,2025-02-12,43.79
EEM,2025-02-13,44.07
EEM,2025-02-14,44.41
EEM,2025-02-18,44.69
EEM,2025-02-19,44.62
EEM,2025-02-20,45.03
EEM,2025-02-21,44.9
EEM,2025-02-24,44.21
EEM,2025-02-25,44.24
EEM,2025-02-26,44.68
EEM,2025-02-27,43.81
EEM,2025-02-28,43.21
EEM,2025-03-03,42.83
EEM,2025-03-04,43.19
EEM,2025-03-05,44.48
EEM,2025-03-06,44.2
EEM,2025-03-07,44.42
EEM,2025-03-10,43.36
EEM,2025-03-11,43.72
EEM,2025-03-12,43.96
EEM,2025-03-13,43.78
EEM,2025-03-14,44.58
EEM,2025-03-17,45.34
EEM,2025-03-18,45.11
EEM,2025-03-19,45.22
EEM,2025-03-20,44.8
EEM,2025-03-21,44.58
EEM,2025-03-24,44.78
EEM,2025-03-25,44.65
EEM,2025-03-26,44.38
EEM,2025-03-27,44.6
EEM,2025-03-28,43.77
EEM,2025-03-31,43.7
EEM,2025-04-01,43.84
EEM,2025-04-02,43.9
EEM,2025-04-03,42.97
EEM,2025-04-04,40.58
EEM,2025-04-07,39.07
EEM,2025-04-08,38.52
EEM,2025-04-09,41.19
EEM,2025-04-10,40.48
EEM,2025-04-11,41.75
EEM,2025-04-14,42.13
EEM,2025-04-15,42.09
EEM,2025-04-16,41.6
EEM,2025-04-17,41.92
EEM,2025-04-21,41.91
EEM,2025-04-22,42.54
EEM,2025-04-23,43.03
EEM,2025-04-24,43.53
EEM,2025-04-25,43.45
EEM,2025-04-28,43.53
EEM,2025-04-29,43.65
EEM,2025-04-30,43.76
EEM,2025-05-01,43.75
EEM,2025-05-02,45.0
EEM,2025-05-05,45.34
EEM,2025-05-06,45.16
EEM,2025-05-07,44.64
EEM,2025-05-08,44.61
EEM,2025-05-09,44.91
EEM,2025-05-12,45.88
EEM,2025-05-13,45.96
EEM,2025-05-14,46.31
EEM,2025-05-15,46.29
EEM,2025-05-16,46.26
EEM,2025-05-19,46.36
EEM,2025-05-20,46.31
EEM,2025-05-21,46.19
EEM,2025-05-22,46.04
EEM,2025-05-23,46.23
EEM,2025-05-27,46.12
EEM,2025-05-28,45.91
EEM,2025-05-29,46.08
EEM,2025-05-30,45.52
EEM,2025-06-02,45.85
EEM,2025-06-03,45.96
EEM,2025-06-04,46.53
EEM,2025-06-05,46.77
EEM,2025-06-06,46.92
EEM,2025-06-09,47.32
EEM,2025-06-10,47.59
EEM,2025-06-11,47.79
EEM,2025-06-12,47.87
EEM,2025-06-13,47.11
EEM,2025-06-16,47.23
EEM,2025-06-17,46.61
EEM,2025-06-18,46.6
EEM,2025-06-20,46.33
EEM,2025-06-23,46.71
EEM,2025-06-24,47.92
EEM,2025-06-25,47.96
EEM,2025-06-26,48.28
EEM,2025-06-27,48.09
EEM,2025-06-30,48.24
EEM,2025-07-01,48.33
EEM,2025-07-02,48.54
EEM,2025-07-03,48.76
EEM,2025-07-07,48.07
EEM,2025-07-08,48.37
EEM,2025-07-09,48.29
EEM,2025-07-10,48.42
EEM,2025-07-11,48.26
EEM,2025-07-14,48.33
EEM,2025-07-15,48.68
EEM,2025-07-16,48.91
EEM,2025-07-17,49.19
EEM,2025-07-18,49.08
EEM,2025-07-21,49.4
EEM,2025-07-22,49.43
EEM,2025-07-23,49.93
EEM,2025-07-24,49.66
EEM,2025-07-25,49.51
EEM,2025-07-28,49.18
EEM,2025-07-29,49.2
EEM,2025-07-30,48.84
EEM,2025-07-31,48.56
EEM,2025-08-01,48.2
EEM,2025-08-04,48.7
EEM,2025-08-05,48.84
EEM,2025-08-06,49.07
EEM,2025-08-07,49.48
EEM,2025-08-08,49.44
EEM,2025-08-11,49.3
EEM,2025-08-12,49.9
EEM,2025-08-13,50.5
EEM,2025-08-14,49.88
EEM,2025-08-15,49.94
EEM,2025-08-18,50.23
EEM,2025-08-19,49.82
EEM,2025-08-20,49.75
EEM,2025-08-21,49.64
EEM,2025-08-22,50.63
EEM,2025-08-25,50.34
EEM,2025-08-26,50.21
EEM,2025-08-27,49.91
EEM,2025-08-28,50.1
EEM,2025-08-29,49.86
EEM,2025-09-02,49.82
EEM,2025-09-03,50.01
EEM,2025-09-04,49.85
EEM,2025-09-05,50.45
EEM,2025-09-08,50.91
EEM,2025-09-09,51.19
EEM,2025-09-10,51.54
EEM,2025-09-11,52.29
EEM,2025-09-12,52.26
EEM,2025-09-15,52.64
EEM,2025-09-16,53.03
EEM,2025-09-17,53.26
EEM,2025-09-18,53.13
EEM,2025-09-19,53.01
EEM,2025-09-22,53.27
EEM,2025-09-23,53.3
EEM,2025-09-24,53.12
EEM,2025-09-25,52.81
EEM,2025-09-26,52.71
EEM,2025-09-29,53.19
EEM,2025-09-30,53.4
EEM,2025-10-01,53.82
EEM,2025-10-02,54.07
EEM,2025-10-03,54.23
EEM,2025-10-06,54.48
EEM,2025-10-07,54.06
EEM,2025-10-08,54.49
EEM,2025-10-09,53.93
EEM,2025-10-10,51.94
EEM,2025-10-13,53.45
EEM,2025-10-14,52.97
EEM,2025-10-15,53.84
EEM,2025-10-16,54.19
EEM,2025-10-17,54.18
EEM,2025-10-20,54.92
EEM,2025-10-21,54.31
EEM,2025-10-22,54.26
EEM,2025-10-23,54.74
EEM,2025-10-24,55.1
EEM,2025-10-27,55.71
EEM,2025-10-28,55.69
EEM,2025-10-29,56.01
EEM,2025-10-30,55.43
EEM,2025-10-31,55.3
EEM,2025-11-03,55.65
EEM,2025-11-04,54.63
EEM,2025-11-05,55.12
EEM,2025-11-06,54.71
EEM,2025-11-07,54.55
EEM,2025-11-10,55.51
EEM,2025-11-11,55.57
EEM,2025-11-12,55.58
EEM,2025-11-13,54.93
EEM,2025-11-14,54.96
EEM,2025-11-17,54.31
EEM,2025-11-18,54.04
EEM,2025-11-19,53.85
EEM,2025-11-20,53.11
EEM,2025-11-21,53.1
EEM,2025-11-24,53.66
EEM,2025-11-25,53.85
EEM,2025-11-26,54.24
EEM,2025-11-28,54.32
EEM,2025-12-01,54.28
EEM,2025-12-02,54.3
EEM,2025-12-03,54.34
EEM,2025-12-04,54.33
EEM,2025-12-05,54.74
EEM,2025-12-08,54.62
EEM,2025-12-09,54.53
EEM,2025-12-10,55.14
EEM,2025-12-11,54.88
EEM,2025-12-12,54.24
EEM,2025-12-15,54.08
EEM,2025-12-16,52.98
EEM,2025-12-17,52.6
EEM,2025-12-18,53.2
EEM,2025-12-19,53.72
EEM,2025-12-22,54.01
EEM,2025-12-23,54.31
EEM,2025-12-24,54.42
EEM,2025-12-26,54.8
EEM,2025-12-29,54.66
EEM,2025-12-30,54.88
EEM,2025-12-31,54.71
EEM,2026-01-02,56.24
EEM,2026-01-05,56.86
EEM,2026-01-06,57.28
EEM,2026-01-07,56.85
EEM,2026-01-08,56.87
EEM,2026-01-09,57.14
EEM,2026-01-12,57.94
EEM,2026-01-13,57.51
EEM,2026-01-14,57.75
EEM,2026-01-15,58.09
EEM,2026-01-16,57.87
EEM,2026-01-20,57.31
EEM,2026-01-21,58.26
EEM,2026-01-22,58.7
EEM,2026-01-23,59.07
EEM,2026-01-26,59.17
EEM,2026-01-27,60.34
EEM,2026-01-28,60.75
EEM,2026-01-29,60.44
EEM,2026-01-30,59.1
EEM,2026-02-02,59.28
EEM,2026-02-03,59.6
EEM,2026-02-04,58.8
EEM,2026-02-05,58.53
EEM,2026-02-06,60.07
EEM,2026-02-09,60.51
EEM,2026-02-10,60.6
EEM,2026-02-11,61.56
EEM,2026-02-12,60.86
EEM,2026-02-13,61.12
EEM,2026-02-17,60.87
EEM,2026-02-18,61.19
EEM,2026-02-19,61.04
EEM,2026-02-20,62.34
EEM,2026-02-23,61.65
EEM,2026-02-24,62.62
EEM,2026-02-25,63.31
EEM,2026-02-26,62.71
EEM,2026-02-27,62.58
EEM,2026-03-02,61.5
EEM,2026-03-03,58.42
EEM,2026-03-04,59.05
EEM,2026-03-05,57.63
EEM,2026-03-06,57.32
EEM,2026-03-09,58.45
EEM,2026-03-10,58.68
EEM,2026-03-11,58.83
EEM,2026-03-12,56.95
EEM,2026-03-13,56.8
EEM,2026-03-16,58.38
EEM,2026-03-17,58.75
EEM,2026-03-18,57.56
EEM,2026-03-19,57.62
EEM,2026-03-20,55.64
EEM,2026-03-23,57.31
EEM,2026-03-24,56.52
EEM,2026-03-25,57.42
EEM,2026-03-26,55.47
EEM,2026-03-27,55.2
EEM,2026-03-30,54.75
EEM,2026-03-31,56.79
EEM,2026-04-01,57.23
EEM,2026-04-02,56.59
EEM,2026-04-06,57.11
EEM,2026-04-07,57.31
EEM,2026-04-08,60.44
EEM,2026-04-09,60.28
EEM,2026-04-10,60.56
EEM,2026-04-13,61.07
EEM,2026-04-14,62.24
EEM,2026-04-15,62.2
EEM,2026-04-16,62.45
EEM,2026-04-17,63.64
EEM,2026-04-20,63.18
EEM,2026-04-21,62.25
EEM,2026-04-22,63.38
EEM,2026-04-23,62.35
EEM,2026-04-24,63.74
EEM,2026-04-27,63.64
EEM,2026-04-28,62.99
EEM,2026-04-29,62.69
EEM,2026-04-30,63.99
EEM,2026-05-01,64.13
EEM,2026-05-04,64.1
EEM,2026-05-05,65.4
EEM,2026-05-06,67.49
EEM,2026-05-07,66.59
EEM,2026-05-08,67.94
EEM,2026-05-11,67.89
EEM,2026-05-12,65.82
EEM,2026-05-13,67.21
EEM,2026-05-14,67.38
EEM,2026-05-15,65.07
EEM,2026-05-18,64.97
EEM,2026-05-19,64.26
EEM,2026-05-20,65.46
EEM,2026-05-21,66.03
EEM,2026-05-22,65.88
EEM,2026-05-26,68.4
EEM,2026-05-27,68.39
EEM,2026-05-28,68.61
EEM,2026-05-29,68.6
EEM,2026-06-01,70.08
EEM,2026-06-02,70.8
EEM,2026-06-03,69.92
EEM,2026-06-04,69.1
EEM,2026-06-05,64.59
EEM,2026-06-08,65.75
EEM,2026-06-09,65.82
EEM,2026-06-10,64.66
EEM,2026-06-11,67.5
EEM,2026-06-12,67.88
EEM,2026-06-15,69.75
EEM,2026-06-16,68.64
EEM,2026-06-17,68.56
EEM,2026-06-18,70.79
EEM,2026-06-22,71.21
EEM,2026-06-23,67.17
EEM,2026-06-24,67.25
EEM,2026-06-25,67.96
EEM,2026-06-26,67.19
EEM,2026-06-29,67.43
EEM,2026-06-30,68.41
EEM,2026-07-01,66.48
EEM,2026-07-02,65.7
EEM,2026-07-06,67.57
EEM,2026-07-07,65.72
EEM,2026-07-08,66.23
EEM,2026-07-09,66.78
EEM,2026-07-10,66.9
VGK,2024-07-11,68.68
VGK,2024-07-12,69.5
VGK,2024-07-15,68.75
VGK,2024-07-16,69.01
VGK,2024-07-17,68.64
VGK,2024-07-18,68.08
VGK,2024-07-19,67.67
VGK,2024-07-22,68.62
VGK,2024-07-23,68.03
VGK,2024-07-24,67.4
VGK,2024-07-25,67.17
VGK,2024-07-26,68.12
VGK,2024-07-29,67.61
VGK,2024-07-30,67.86
VGK,2024-07-31,68.46
VGK,2024-08-01,67.04
VGK,2024-08-02,66.53
VGK,2024-08-05,65.06
VGK,2024-08-06,65.23
VGK,2024-08-07,65.33
VGK,2024-08-08,66.24
VGK,2024-08-09,66.66
VGK,2024-08-12,66.5
VGK,2024-08-13,67.39
VGK,2024-08-14,67.76
VGK,2024-08-15,68.45
VGK,2024-08-16,68.82
VGK,2024-08-19,69.59
VGK,2024-08-20,69.4
VGK,2024-08-21,69.99
VGK,2024-08-22,69.58
VGK,2024-08-23,70.77
VGK,2024-08-26,70.55
VGK,2024-08-27,70.85
VGK,2024-08-28,70.55
VGK,2024-08-29,70.77
VGK,2024-08-30,70.93
VGK,2024-09-03,69.6
VGK,2024-09-04,69.42
VGK,2024-09-05,69.26
VGK,2024-09-06,68.35
VGK,2024-09-09,68.8
VGK,2024-09-10,68.47
VGK,2024-09-11,68.84
VGK,2024-09-12,69.32
VGK,2024-09-13,69.75
VGK,2024-09-16,70.26
VGK,2024-09-17,70.0
VGK,2024-09-18,69.83
VGK,2024-09-19,71.04
VGK,2024-09-20,69.81
VGK,2024-09-23,70.03
VGK,2024-09-24,70.7
VGK,2024-09-25,70.29
VGK,2024-09-26,71.72
VGK,2024-09-27,71.68
VGK,2024-09-30,71.1
VGK,2024-10-01,70.31
VGK,2024-10-02,70.09
VGK,2024-10-03,69.29
VGK,2024-10-04,69.67
VGK,2024-10-07,69.26
VGK,2024-10-08,69.19
VGK,2024-10-09,69.44
VGK,2024-10-10,69.24
VGK,2024-10-11,69.67
VGK,2024-10-14,69.9
VGK,2024-10-15,68.87
VGK,2024-10-16,68.96
VGK,2024-10-17,69.04
VGK,2024-10-18,69.56
VGK,2024-10-21,68.83
VGK,2024-10-22,68.56
VGK,2024-10-23,68.12
VGK,2024-10-24,68.44
VGK,2024-10-25,68.12
VGK,2024-10-28,68.76
VGK,2024-10-29,68.18
VGK,2024-10-30,67.64
VGK,2024-10-31,67.18
VGK,2024-11-01,67.38
VGK,2024-11-04,67.42
VGK,2024-11-05,67.89
VGK,2024-11-06,66.44
VGK,2024-11-07,67.5
VGK,2024-11-08,66.46
VGK,2024-11-11,66.48
VGK,2024-11-12,65.13
VGK,2024-11-13,64.76
VGK,2024-11-14,64.95
VGK,2024-11-15,64.76
VGK,2024-11-18,65.02
VGK,2024-11-19,64.82
VGK,2024-11-20,64.69
VGK,2024-11-21,64.57
VGK,2024-11-22,64.81
VGK,2024-11-25,65.17
VGK,2024-11-26,64.79
VGK,2024-11-27,65.32
VGK,2024-11-29,66.0
VGK,2024-12-02,66.01
VGK,2024-12-03,66.24
VGK,2024-12-04,66.46
VGK,2024-12-05,67.12
VGK,2024-12-06,67.18
VGK,2024-12-09,67.07
VGK,2024-12-10,66.54
VGK,2024-12-11,66.84
VGK,2024-12-12,66.31
VGK,2024-12-13,66.31
VGK,2024-12-16,66.16
VGK,2024-12-17,65.86
VGK,2024-12-18,64.33
VGK,2024-12-19,64.14
VGK,2024-12-20,63.27
VGK,2024-12-23,63.57
VGK,2024-12-24,63.92
VGK,2024-12-26,64.09
VGK,2024-12-27,63.88
VGK,2024-12-30,63.46
VGK,2024-12-31,63.47
VGK,2025-01-02,63.19
VGK,2025-01-03,63.45
VGK,2025-01-06,64.31
VGK,2025-01-07,64.31
VGK,2025-01-08,64.06
VGK,2025-01-10,63.4
VGK,2025-01-13,63.07
VGK,2025-01-14,63.36
VGK,2025-01-15,64.18
VGK,2025-01-16,64.73
VGK,2025-01-17,65.07
VGK,2025-01-21,66.57
VGK,2025-01-22,66.42
VGK,2025-01-23,67.08
VGK,2025-01-24,67.21
VGK,2025-01-27,67.58
VGK,2025-01-28,67.3
VGK,2025-01-29,67.37
VGK,2025-01-30,68.02
VGK,2025-01-31,67.5
VGK,2025-02-03,66.51
VGK,2025-02-04,67.35
VGK,2025-02-05,68.04
VGK,2025-02-06,68.42
VGK,2025-02-07,67.75
VGK,2025-02-10,68.25
VGK,2025-02-11,68.82
VGK,2025-02-12,69.31
VGK,2025-02-13,70.07
VGK,2025-02-14,70.2
VGK,2025-02-18,70.69
VGK,2025-02-19,69.79
VGK,2025-02-20,70.22
VGK,2025-02-21,69.93
VGK,2025-02-24,69.93
VGK,2025-02-25,70.72
VGK,2025-02-26,70.8
VGK,2025-02-27,69.82
VGK,2025-02-28,70.2
VGK,2025-03-03,71.14
VGK,2025-03-04,71.25
VGK,2025-03-05,73.09
VGK,2025-03-06,72.29
VGK,2025-03-07,73.34
VGK,2025-03-10,71.51
VGK,2025-03-11,71.35
VGK,2025-03-12,71.58
VGK,2025-03-13,70.99
VGK,2025-03-14,72.46
VGK,2025-03-17,73.21
VGK,2025-03-18,73.5
VGK,2025-03-19,73.47
VGK,2025-03-20,72.71
VGK,2025-03-21,71.78
VGK,2025-03-24,71.73
VGK,2025-03-25,72.16
VGK,2025-03-26,71.14
VGK,2025-03-27,71.29
VGK,2025-03-28,70.98
VGK,2025-03-31,70.21
VGK,2025-04-01,70.39
VGK,2025-04-02,70.62
VGK,2025-04-03,69.61
VGK,2025-04-04,65.02
VGK,2025-04-07,63.0
VGK,2025-04-08,62.73
VGK,2025-04-09,67.4
VGK,2025-04-10,66.51
VGK,2025-04-11,68.29
VGK,2025-04-14,68.8
VGK,2025-04-15,69.49
VGK,2025-04-16,69.21
VGK,2025-04-17,69.93
VGK,2025-04-21,69.46
VGK,2025-04-22,70.89
VGK,2025-04-23,71.13
VGK,2025-04-24,72.06
VGK,2025-04-25,72.36
VGK,2025-04-28,72.83
VGK,2025-04-29,72.98
VGK,2025-04-30,72.91
VGK,2025-05-01,72.65
VGK,2025-05-02,74.18
VGK,2025-05-05,74.28
VGK,2025-05-06,74.09
VGK,2025-05-07,73.87
VGK,2025-05-08,73.6
VGK,2025-05-09,74.09
VGK,2025-05-12,74.25
VGK,2025-05-13,74.55
VGK,2025-05-14,74.38
VGK,2025-05-15,75.12
VGK,2025-05-16,75.3
VGK,2025-05-19,76.27
VGK,2025-05-20,76.77
VGK,2025-05-21,76.37
VGK,2025-05-22,76.27
VGK,2025-05-23,76.15
VGK,2025-05-27,77.06
VGK,2025-05-28,76.31
VGK,2025-05-29,76.7
VGK,2025-05-30,76.76
VGK,2025-06-02,77.51
VGK,2025-06-03,76.85
VGK,2025-06-04,77.36
VGK,2025-06-05,77.44
VGK,2025-06-06,77.65
VGK,2025-06-09,77.65
VGK,2025-06-10,77.79
VGK,2025-06-11,77.7
VGK,2025-06-12,78.42
VGK,2025-06-13,77.23
VGK,2025-06-16,77.51
VGK,2025-06-17,76.39
VGK,2025-06-18,76.34
VGK,2025-06-20,74.78
VGK,2025-06-23,75.43
VGK,2025-06-24,76.43
VGK,2025-06-25,75.96
VGK,2025-06-26,76.61
VGK,2025-06-27,77.32
VGK,2025-06-30,77.5
VGK,2025-07-01,77.56
VGK,2025-07-02,77.79
VGK,2025-07-03,77.75
VGK,2025-07-07,77.2
VGK,2025-07-08,77.94
VGK,2025-07-09,78.69
VGK,2025-07-10,78.68
VGK,2025-07-11,77.79
VGK,2025-07-14,77.75
VGK,2025-07-15,76.85
VGK,2025-07-16,77.19
VGK,2025-07-17,77.26
VGK,2025-07-18,77.17
VGK,2025-07-21,77.53
VGK,2025-07-22,77.99
VGK,2025-07-23,79.57
VGK,2025-07-24,78.7
VGK,2025-07-25,78.87
VGK,2025-07-28,77.45
VGK,2025-07-29,77.34
VGK,2025-07-30,76.5
VGK,2025-07-31,75.65
VGK,2025-08-01,75.26
VGK,2025-08-04,76.13
VGK,2025-08-05,76.21
VGK,2025-08-06,76.57
VGK,2025-08-07,77.38
VGK,2025-08-08,77.63
VGK,2025-08-11,77.23
VGK,2025-08-12,78.02
VGK,2025-08-13,78.59
VGK,2025-08-14,78.74
VGK,2025-08-15,78.95
VGK,2025-08-18,78.8
VGK,2025-08-19,78.97
VGK,2025-08-20,79.4
VGK,2025-08-21,78.92
VGK,2025-08-22,80.19
VGK,2025-08-25,79.0
VGK,2025-08-26,78.88
VGK,2025-08-27,78.66
VGK,2025-08-28,78.85
VGK,2025-08-29,78.5
VGK,2025-09-02,77.41
VGK,2025-09-03,77.73
VGK,2025-09-04,78.19
VGK,2025-09-05,78.57
VGK,2025-09-08,79.13
VGK,2025-09-09,78.99
VGK,2025-09-10,78.78
VGK,2025-09-11,79.63
VGK,2025-09-12,79.36
VGK,2025-09-15,79.95
VGK,2025-09-16,79.7
VGK,2025-09-17,79.39
VGK,2025-09-18,79.71
VGK,2025-09-19,79.13
VGK,2025-09-22,79.46
VGK,2025-09-23,79.41
VGK,2025-09-24,78.89
VGK,2025-09-25,78.14
VGK,2025-09-26,78.96
VGK,2025-09-29,79.21
VGK,2025-09-30,79.8
VGK,2025-10-01,80.72
VGK,2025-10-02,80.91
VGK,2025-10-03,81.35
VGK,2025-10-06,81.1
VGK,2025-10-07,80.49
VGK,2025-10-08,80.96
VGK,2025-10-09,80.1
VGK,2025-10-10,79.18
VGK,2025-10-13,79.73
VGK,2025-10-14,80.04
VGK,2025-10-15,80.22
VGK,2025-10-16,80.78
VGK,2025-10-17,80.8
VGK,2025-10-20,81.15
VGK,2025-10-21,80.67
VGK,2025-10-22,80.7
VGK,2025-10-23,81.17
VGK,2025-10-24,81.29
VGK,2025-10-27,81.69
VGK,2025-10-28,81.48
VGK,2025-10-29,81.04
VGK,2025-10-30,80.66
VGK,2025-10-31,80.3
VGK,2025-11-03,80.17
VGK,2025-11-04,79.31
VGK,2025-11-05,79.97
VGK,2025-11-06,79.59
VGK,2025-11-07,79.98
VGK,2025-11-10,80.93
VGK,2025-11-11,81.79
VGK,2025-11-12,82.27
VGK,2025-11-13,81.68
VGK,2025-11-14,81.06
VGK,2025-11-17,80.07
VGK,2025-11-18,79.29
VGK,2025-11-19,78.98
VGK,2025-11-20,77.9
VGK,2025-11-21,79.09
VGK,2025-11-24,78.89
VGK,2025-11-25,80.24
VGK,2025-11-26,81.0
VGK,2025-11-28,81.53
VGK,2025-12-01,81.12
VGK,2025-12-02,81.49
VGK,2025-12-03,82.04
VGK,2025-12-04,81.99
VGK,2025-12-05,82.02
VGK,2025-12-08,81.83
VGK,2025-12-09,81.61
VGK,2025-12-10,82.61
VGK,2025-12-11,83.23
VGK,2025-12-12,82.69
VGK,2025-12-15,83.23
VGK,2025-12-16,83.05
VGK,2025-12-17,82.6
VGK,2025-12-18,83.19
VGK,2025-12-19,82.79
VGK,2025-12-22,83.23
VGK,2025-12-23,83.61
VGK,2025-12-24,83.73
VGK,2025-12-26,83.97
VGK,2025-12-29,83.67
VGK,2025-12-30,83.95
VGK,2025-12-31,83.61
VGK,2026-01-02,84.56
VGK,2026-01-05,85.23
VGK,2026-01-06,85.44
VGK,2026-01-07,85.19
VGK,2026-01-08,85.18
VGK,2026-01-09,85.77
VGK,2026-01-12,86.24
VGK,2026-01-13,85.79
VGK,2026-01-14,86.12
VGK,2026-01-15,85.91
VGK,2026-01-16,86.17
VGK,2026-01-20,84.96
VGK,2026-01-21,85.81
VGK,2026-01-22,86.32
VGK,2026-01-23,86.93
VGK,2026-01-26,87.51
VGK,2026-01-27,88.91
VGK,2026-01-28,87.85
VGK,2026-01-29,88.32
VGK,2026-01-30,87.5
VGK,2026-02-02,88.2
VGK,2026-02-03,87.87
VGK,2026-02-04,87.99
VGK,2026-02-05,86.77
VGK,2026-02-06,88.49
VGK,2026-02-09,89.47
VGK,2026-02-10,89.22
VGK,2026-02-11,89.45
VGK,2026-02-12,88.75
VGK,2026-02-13,88.7
VGK,2026-02-17,89.23
VGK,2026-02-18,89.53
VGK,2026-02-19,89.14
VGK,2026-02-20,90.01
VGK,2026-02-23,89.49
VGK,2026-02-24,89.73
VGK,2026-02-25,90.49
VGK,2026-02-26,90.43
VGK,2026-02-27,90.17
VGK,2026-03-02,88.27
VGK,2026-03-03,85.61
VGK,2026-03-04,86.59
VGK,2026-03-05,84.85
VGK,2026-03-06,84.25
VGK,2026-03-09,84.64
VGK,2026-03-10,84.67
VGK,2026-03-11,84.53
VGK,2026-03-12,83.3
VGK,2026-03-13,82.16
VGK,2026-03-16,83.53
VGK,2026-03-17,83.9
VGK,2026-03-18,82.26
VGK,2026-03-19,82.03
VGK,2026-03-20,79.18
VGK,2026-03-23,81.04
VGK,2026-03-24,80.58
VGK,2026-03-25,81.76
VGK,2026-03-26,80.16
VGK,2026-03-27,79.45
VGK,2026-03-30,79.87
VGK,2026-03-31,82.43
VGK,2026-04-01,83.62
VGK,2026-04-02,83.22
VGK,2026-04-06,83.78
VGK,2026-04-07,83.53
VGK,2026-04-08,86.74
VGK,2026-04-09,86.76
VGK,2026-04-10,87.06
VGK,2026-04-13,87.64
VGK,2026-04-14,88.37
VGK,2026-04-15,88.03
VGK,2026-04-16,87.71
VGK,2026-04-17,89.07
VGK,2026-04-20,88.84
VGK,2026-04-21,86.9
VGK,2026-04-22,87.14
VGK,2026-04-23,86.47
VGK,2026-04-24,87.05
VGK,2026-04-27,86.55
VGK,2026-04-28,86.16
VGK,2026-04-29,85.14
VGK,2026-04-30,87.14
VGK,2026-05-01,87.15
VGK,2026-05-04,85.51
VGK,2026-05-05,86.87
VGK,2026-05-06,89.23
VGK,2026-05-07,87.28
VGK,2026-05-08,88.12
VGK,2026-05-11,87.82
VGK,2026-05-12,87.11
VGK,2026-05-13,87.6
VGK,2026-05-14,87.47
VGK,2026-05-15,85.79
VGK,2026-05-18,87.11
VGK,2026-05-19,86.41
VGK,2026-05-20,88.24
VGK,2026-05-21,88.76
VGK,2026-05-22,88.46
VGK,2026-05-26,89.48
VGK,2026-05-27,89.32
VGK,2026-05-28,89.03
VGK,2026-05-29,89.01
VGK,2026-06-01,88.52
VGK,2026-06-02,88.96
VGK,2026-06-03,87.9
VGK,2026-06-04,88.89
VGK,2026-06-05,87.13
VGK,2026-06-08,87.52
VGK,2026-06-09,87.88
VGK,2026-06-10,86.69
VGK,2026-06-11,89.46
VGK,2026-06-12,89.62
VGK,2026-06-15,89.87
VGK,2026-06-16,90.01
VGK,2026-06-17,89.23
VGK,2026-06-18,88.27
VGK,2026-06-22,88.25
VGK,2026-06-23,87.16
VGK,2026-06-24,86.95
VGK,2026-06-25,87.83
VGK,2026-06-26,87.13
VGK,2026-06-29,88.07
VGK,2026-06-30,88.54
VGK,2026-07-01,87.77
VGK,2026-07-02,89.35
VGK,2026-07-06,89.97
VGK,2026-07-07,89.04
VGK,2026-07-08,88.18
VGK,2026-07-09,88.41
VGK,2026-07-10,88.57
MCHI,2024-07-11,43.57
MCHI,2024-07-12,44.01
MCHI,2024-07-15,43.08
MCHI,2024-07-16,43.06
MCHI,2024-07-17,42.48
MCHI,2024-07-18,42.17
MCHI,2024-07-19,42.02
MCHI,2024-07-22,42.77
MCHI,2024-07-23,41.94
MCHI,2024-07-24,41.47
MCHI,2024-07-25,40.95
MCHI,2024-07-26,41.25
MCHI,2024-07-29,41.13
MCHI,2024-07-30,40.73
MCHI,2024-07-31,41.52
MCHI,2024-08-01,40.96
MCHI,2024-08-02,40.82
MCHI,2024-08-05,40.62
MCHI,2024-08-06,40.56
MCHI,2024-08-07,40.77
MCHI,2024-08-08,41.68
MCHI,2024-08-09,41.51
MCHI,2024-08-12,41.94
MCHI,2024-08-13,42.17
MCHI,2024-08-14,41.31
MCHI,2024-08-15,41.92
MCHI,2024-08-16,42.6
MCHI,2024-08-19,42.91
MCHI,2024-08-20,41.91
MCHI,2024-08-21,42.39
MCHI,2024-08-22,42.04
MCHI,2024-08-23,42.52
MCHI,2024-08-26,41.7
MCHI,2024-08-27,41.86
MCHI,2024-08-28,41.07
MCHI,2024-08-29,41.53
MCHI,2024-08-30,41.83
MCHI,2024-09-03,41.33
MCHI,2024-09-04,41.19
MCHI,2024-09-05,41.15
MCHI,2024-09-06,40.71
MCHI,2024-09-09,40.62
MCHI,2024-09-10,40.43
MCHI,2024-09-11,40.78
MCHI,2024-09-12,40.77
MCHI,2024-09-13,40.9
MCHI,2024-09-16,41.1
MCHI,2024-09-17,41.47
MCHI,2024-09-18,41.27
MCHI,2024-09-19,42.65
MCHI,2024-09-20,42.66
MCHI,2024-09-23,43.28
MCHI,2024-09-24,47.16
MCHI,2024-09-25,46.08
MCHI,2024-09-26,50.1
MCHI,2024-09-27,50.99
MCHI,2024-09-30,50.91
MCHI,2024-10-01,52.98
MCHI,2024-10-02,56.48
MCHI,2024-10-03,54.99
MCHI,2024-10-04,57.0
MCHI,2024-10-07,59.67
MCHI,2024-10-08,53.22
MCHI,2024-10-09,51.97
MCHI,2024-10-10,52.35
MCHI,2024-10-11,52.64
MCHI,2024-10-14,51.58
MCHI,2024-10-15,49.04
MCHI,2024-10-16,49.7
MCHI,2024-10-17,48.36
MCHI,2024-10-18,50.49
MCHI,2024-10-21,49.9
MCHI,2024-10-22,50.38
MCHI,2024-10-23,50.09
MCHI,2024-10-24,49.72
MCHI,2024-10-25,49.85
MCHI,2024-10-28,50.56
MCHI,2024-10-29,50.07
MCHI,2024-10-30,49.46
MCHI,2024-10-31,49.25
MCHI,2024-11-01,49.48
MCHI,2024-11-04,49.85
MCHI,2024-11-05,51.03
MCHI,2024-11-06,49.65
MCHI,2024-11-07,52.33
MCHI,2024-11-08,49.46
MCHI,2024-11-11,49.47
MCHI,2024-11-12,47.86
MCHI,2024-11-13,47.76
MCHI,2024-11-14,47.35
MCHI,2024-11-15,47.38
MCHI,2024-11-18,48.04
MCHI,2024-11-19,47.69
MCHI,2024-11-20,47.98
MCHI,2024-11-21,47.59
MCHI,2024-11-22,46.48
MCHI,2024-11-25,46.38
MCHI,2024-11-26,46.1
MCHI,2024-11-27,47.24
MCHI,2024-11-29,47.32
MCHI,2024-12-02,47.38
MCHI,2024-12-03,47.56
MCHI,2024-12-04,47.09
MCHI,2024-12-05,47.39
MCHI,2024-12-06,47.81
MCHI,2024-12-09,51.52
MCHI,2024-12-10,49.19
MCHI,2024-12-11,48.84
MCHI,2024-12-12,48.85
MCHI,2024-12-13,48.22
MCHI,2024-12-16,47.49
MCHI,2024-12-17,47.22
MCHI,2024-12-18,46.39
MCHI,2024-12-19,46.72
MCHI,2024-12-20,47.1
MCHI,2024-12-23,47.29
MCHI,2024-12-24,47.71
MCHI,2024-12-26,47.83
MCHI,2024-12-27,47.47
MCHI,2024-12-30,46.95
MCHI,2024-12-31,46.86
MCHI,2025-01-02,46.02
MCHI,2025-01-03,46.39
MCHI,2025-01-06,45.62
MCHI,2025-01-07,45.24
MCHI,2025-01-08,44.93
MCHI,2025-01-10,43.71
MCHI,2025-01-13,43.87
MCHI,2025-01-14,44.83
MCHI,2025-01-15,45.31
MCHI,2025-01-16,45.28
MCHI,2025-01-17,46.21
MCHI,2025-01-21,46.51
MCHI,2025-01-22,46.31
MCHI,2025-01-23,46.25
MCHI,2025-01-24,47.39
MCHI,2025-01-27,47.74
MCHI,2025-01-28,48.4
MCHI,2025-01-29,48.25
MCHI,2025-01-30,49.43
MCHI,2025-01-31,48.41
MCHI,2025-02-03,48.08
MCHI,2025-02-04,49.29
MCHI,2025-02-05,48.46
MCHI,2025-02-06,49.12
MCHI,2025-02-07,49.73
MCHI,2025-02-10,51.01
MCHI,2025-02-11,50.54
MCHI,2025-02-12,51.87
MCHI,2025-02-13,51.85
MCHI,2025-02-14,53.46
MCHI,2025-02-18,53.99
MCHI,2025-02-19,53.73
MCHI,2025-02-20,54.73
MCHI,2025-02-21,55.77
MCHI,2025-02-24,53.59
MCHI,2025-02-25,54.06
MCHI,2025-02-26,55.4
MCHI,2025-02-27,54.91
MCHI,2025-02-28,53.58
MCHI,2025-03-03,52.81
MCHI,2025-03-04,53.6
MCHI,2025-03-05,56.22
MCHI,2025-03-06,56.53
MCHI,2025-03-07,56.5
MCHI,2025-03-10,54.79
MCHI,2025-03-11,55.83
MCHI,2025-03-12,55.63
MCHI,2025-03-13,55.77
MCHI,2025-03-14,57.37
MCHI,2025-03-17,58.65
MCHI,2025-03-18,58.36
MCHI,2025-03-19,58.31
MCHI,2025-03-20,56.69
MCHI,2025-03-21,55.65
MCHI,2025-03-24,55.61
MCHI,2025-03-25,55.0
MCHI,2025-03-26,55.0
MCHI,2025-03-27,55.81
MCHI,2025-03-28,54.57
MCHI,2025-03-31,54.4
MCHI,2025-04-01,54.55
MCHI,2025-04-02,54.16
MCHI,2025-04-03,53.67
MCHI,2025-04-04,50.0
MCHI,2025-04-07,46.0
MCHI,2025-04-08,45.22
MCHI,2025-04-09,48.06
MCHI,2025-04-10,47.98
MCHI,2025-04-11,49.68
MCHI,2025-04-14,50.56
MCHI,2025-04-15,50.17
MCHI,2025-04-16,49.16
MCHI,2025-04-17,49.29
MCHI,2025-04-21,49.39
MCHI,2025-04-22,50.9
MCHI,2025-04-23,51.66
MCHI,2025-04-24,51.97
MCHI,2025-04-25,51.91
MCHI,2025-04-28,51.85
MCHI,2025-04-29,51.68
MCHI,2025-04-30,51.66
MCHI,2025-05-01,51.59
MCHI,2025-05-02,53.42
MCHI,2025-05-05,53.4
MCHI,2025-05-06,53.95
MCHI,2025-05-07,52.69
MCHI,2025-05-08,53.45
MCHI,2025-05-09,53.25
MCHI,2025-05-12,55.06
MCHI,2025-05-13,54.7
MCHI,2025-05-14,55.6
MCHI,2025-05-15,54.57
MCHI,2025-05-16,54.42
MCHI,2025-05-19,54.7
MCHI,2025-05-20,55.2
MCHI,2025-05-21,54.99
MCHI,2025-05-22,54.75
MCHI,2025-05-23,54.78
MCHI,2025-05-27,54.04
MCHI,2025-05-28,53.33
MCHI,2025-05-29,53.86
MCHI,2025-05-30,52.82
MCHI,2025-06-02,53.26
MCHI,2025-06-03,53.76
MCHI,2025-06-04,54.79
MCHI,2025-06-05,54.99
MCHI,2025-06-06,54.92
MCHI,2025-06-09,55.52
MCHI,2025-06-10,55.69
MCHI,2025-06-11,55.86
MCHI,2025-06-12,55.79
MCHI,2025-06-13,54.77
MCHI,2025-06-16,55.01
MCHI,2025-06-17,54.44
MCHI,2025-06-18,53.93
MCHI,2025-06-20,53.5
MCHI,2025-06-23,54.13
MCHI,2025-06-24,55.57
MCHI,2025-06-25,55.53
MCHI,2025-06-26,55.54
MCHI,2025-06-27,55.18
MCHI,2025-06-30,55.1
MCHI,2025-07-01,55.27
MCHI,2025-07-02,55.0
MCHI,2025-07-03,54.72
MCHI,2025-07-07,54.62
MCHI,2025-07-08,55.13
MCHI,2025-07-09,54.58
MCHI,2025-07-10,55.01
MCHI,2025-07-11,54.95
MCHI,2025-07-14,55.55
MCHI,2025-07-15,56.68
MCHI,2025-07-16,56.51
MCHI,2025-07-17,56.92
MCHI,2025-07-18,57.45
MCHI,2025-07-21,57.81
MCHI,2025-07-22,58.67
MCHI,2025-07-23,59.25
MCHI,2025-07-24,59.18
MCHI,2025-07-25,58.93
MCHI,2025-07-28,58.7
MCHI,2025-07-29,58.56
MCHI,2025-07-30,57.89
MCHI,2025-07-31,57.43
MCHI,2025-08-01,56.52
MCHI,2025-08-04,57.47
MCHI,2025-08-05,57.86
MCHI,2025-08-06,58.36
MCHI,2025-08-07,58.2
MCHI,2025-08-08,58.19
MCHI,2025-08-11,57.82
MCHI,2025-08-12,58.73
MCHI,2025-08-13,60.56
MCHI,2025-08-14,59.3
MCHI,2025-08-15,59.68
MCHI,2025-08-18,60.04
MCHI,2025-08-19,59.59
MCHI,2025-08-20,59.92
MCHI,2025-08-21,60.0
MCHI,2025-08-22,61.57
MCHI,2025-08-25,61.54
MCHI,2025-08-26,61.62
MCHI,2025-08-27,60.02
MCHI,2025-08-28,60.45
MCHI,2025-08-29,61.31
MCHI,2025-09-02,61.64
MCHI,2025-09-03,61.33
MCHI,2025-09-04,60.3
MCHI,2025-09-05,61.35
MCHI,2025-09-08,62.3
MCHI,2025-09-09,62.97
MCHI,2025-09-10,62.54
MCHI,2025-09-11,64.21
MCHI,2025-09-12,63.95
MCHI,2025-09-15,64.43
MCHI,2025-09-16,64.86
MCHI,2025-09-17,65.8
MCHI,2025-09-18,64.75
MCHI,2025-09-19,64.44
MCHI,2025-09-22,64.43
MCHI,2025-09-23,63.66
MCHI,2025-09-24,64.58
MCHI,2025-09-25,64.76
MCHI,2025-09-26,64.32
MCHI,2025-09-29,65.53
MCHI,2025-09-30,65.85
MCHI,2025-10-01,66.25
MCHI,2025-10-02,66.99
MCHI,2025-10-03,66.55
MCHI,2025-10-06,66.64
MCHI,2025-10-07,65.81
MCHI,2025-10-08,66.13
MCHI,2025-10-09,65.12
MCHI,2025-10-10,61.39
MCHI,2025-10-13,63.3
MCHI,2025-10-14,62.58
MCHI,2025-10-15,63.25
MCHI,2025-10-16,63.4
MCHI,2025-10-17,63.31
MCHI,2025-10-20,64.12
MCHI,2025-10-21,63.44
MCHI,2025-10-22,63.03
MCHI,2025-10-23,64.11
MCHI,2025-10-24,64.51
MCHI,2025-10-27,65.59
MCHI,2025-10-28,65.12
MCHI,2025-10-29,65.49
MCHI,2025-10-30,64.38
MCHI,2025-10-31,63.57
MCHI,2025-11-03,63.55
MCHI,2025-11-04,62.73
MCHI,2025-11-05,63.36
MCHI,2025-11-06,63.97
MCHI,2025-11-07,63.61
MCHI,2025-11-10,64.7
MCHI,2025-11-11,64.53
MCHI,2025-11-12,64.58
MCHI,2025-11-13,64.46
MCHI,2025-11-14,63.5
MCHI,2025-11-17,62.78
MCHI,2025-11-18,62.42
MCHI,2025-11-19,61.91
MCHI,2025-11-20,60.88
MCHI,2025-11-21,60.92
MCHI,2025-11-24,61.96
MCHI,2025-11-25,62.2
MCHI,2025-11-26,61.91
MCHI,2025-11-28,62.2
MCHI,2025-12-01,62.66
MCHI,2025-12-02,62.24
MCHI,2025-12-03,61.88
MCHI,2025-12-04,61.98
MCHI,2025-12-05,62.66
MCHI,2025-12-08,62.22
MCHI,2025-12-09,61.35
MCHI,2025-12-10,61.81
MCHI,2025-12-11,61.69
MCHI,2025-12-12,61.52
MCHI,2025-12-15,60.87
MCHI,2025-12-16,59.7
MCHI,2025-12-17,59.47
MCHI,2025-12-18,59.99
MCHI,2025-12-19,60.63
MCHI,2025-12-22,60.89
MCHI,2025-12-23,60.67
MCHI,2025-12-24,60.61
MCHI,2025-12-26,61.27
MCHI,2025-12-29,60.37
MCHI,2025-12-30,60.58
MCHI,2025-12-31,60.07
MCHI,2026-01-02,62.24
MCHI,2026-01-05,62.67
MCHI,2026-01-06,62.71
MCHI,2026-01-07,61.88
MCHI,2026-01-08,62.28
MCHI,2026-01-09,62.22
MCHI,2026-01-12,64.26
MCHI,2026-01-13,63.52
MCHI,2026-01-14,63.55
MCHI,2026-01-15,63.59
MCHI,2026-01-16,62.52
MCHI,2026-01-20,61.65
MCHI,2026-01-21,62.49
MCHI,2026-01-22,62.78
MCHI,2026-01-23,62.74
MCHI,2026-01-26,62.66
MCHI,2026-01-27,63.29
MCHI,2026-01-28,63.91
MCHI,2026-01-29,64.23
MCHI,2026-01-30,62.4
MCHI,2026-02-02,61.61
MCHI,2026-02-03,61.07
MCHI,2026-02-04,60.31
MCHI,2026-02-05,60.1
MCHI,2026-02-06,61.67
MCHI,2026-02-09,61.97
MCHI,2026-02-10,61.99
MCHI,2026-02-11,61.93
MCHI,2026-02-12,60.58
MCHI,2026-02-13,60.35
MCHI,2026-02-17,60.61
MCHI,2026-02-18,60.95
MCHI,2026-02-19,60.72
MCHI,2026-02-20,61.01
MCHI,2026-02-23,60.76
MCHI,2026-02-24,60.43
MCHI,2026-02-25,60.67
MCHI,2026-02-26,59.23
MCHI,2026-02-27,59.06
MCHI,2026-03-02,58.51
MCHI,2026-03-03,56.9
MCHI,2026-03-04,57.13
MCHI,2026-03-05,56.18
MCHI,2026-03-06,56.72
MCHI,2026-03-09,57.67
MCHI,2026-03-10,58.7
MCHI,2026-03-11,58.31
MCHI,2026-03-12,57.68
MCHI,2026-03-13,57.78
MCHI,2026-03-16,58.7
MCHI,2026-03-17,58.44
MCHI,2026-03-18,57.23
MCHI,2026-03-19,56.81
MCHI,2026-03-20,55.21
MCHI,2026-03-23,55.59
MCHI,2026-03-24,55.64
MCHI,2026-03-25,56.65
MCHI,2026-03-26,55.04
MCHI,2026-03-27,54.82
MCHI,2026-03-30,54.95
MCHI,2026-03-31,56.18
MCHI,2026-04-01,56.0
MCHI,2026-04-02,55.84
MCHI,2026-04-06,55.83
MCHI,2026-04-07,55.61
MCHI,2026-04-08,57.3
MCHI,2026-04-09,57.21
MCHI,2026-04-10,57.18
MCHI,2026-04-13,57.35
MCHI,2026-04-14,58.02
MCHI,2026-04-15,58.03
MCHI,2026-04-16,58.69
MCHI,2026-04-17,59.29
MCHI,2026-04-20,59.3
MCHI,2026-04-21,58.16
MCHI,2026-04-22,58.3
MCHI,2026-04-23,57.27
MCHI,2026-04-24,57.81
MCHI,2026-04-27,57.12
MCHI,2026-04-28,56.76
MCHI,2026-04-29,56.83
MCHI,2026-04-30,57.57
MCHI,2026-05-01,57.72
MCHI,2026-05-04,57.3
MCHI,2026-05-05,57.22
MCHI,2026-05-06,58.71
MCHI,2026-05-07,58.33
MCHI,2026-05-08,58.32
MCHI,2026-05-11,58.7
MCHI,2026-05-12,58.21
MCHI,2026-05-13,59.79
MCHI,2026-05-14,58.1
MCHI,2026-05-15,56.64
MCHI,2026-05-18,56.36
MCHI,2026-05-19,56.58
MCHI,2026-05-20,56.62
MCHI,2026-05-21,55.96
MCHI,2026-05-22,55.54
MCHI,2026-05-26,56.1
MCHI,2026-05-27,55.46
MCHI,2026-05-28,54.99
MCHI,2026-05-29,55.1
MCHI,2026-06-01,55.4
MCHI,2026-06-02,57.19
MCHI,2026-06-03,55.98
MCHI,2026-06-04,55.73
MCHI,2026-06-05,54.44
MCHI,2026-06-08,53.93
MCHI,2026-06-09,54.3
MCHI,2026-06-10,54.11
MCHI,2026-06-11,54.34
MCHI,2026-06-12,54.83
MCHI,2026-06-15,54.93
MCHI,2026-06-16,54.13
MCHI,2026-06-17,53.0
MCHI,2026-06-18,52.77
MCHI,2026-06-22,52.86
MCHI,2026-06-23,51.81
MCHI,2026-06-24,51.43
MCHI,2026-06-25,50.78
MCHI,2026-06-26,50.48
MCHI,2026-06-29,50.79
MCHI,2026-06-30,51.03
MCHI,2026-07-01,51.53
MCHI,2026-07-02,50.91
MCHI,2026-07-06,52.02
MCHI,2026-07-07,51.78
MCHI,2026-07-08,52.85
MCHI,2026-07-09,53.19
MCHI,2026-07-10,53.13
VPL,2024-07-11,76.76
VPL,2024-07-12,77.36
VPL,2024-07-15,76.91
VPL,2024-07-16,77.53
VPL,2024-07-17,77.06
VPL,2024-07-18,76.07
VPL,2024-07-19,75.55
VPL,2024-07-22,75.92
VPL,2024-07-23,75.8
VPL,2024-07-24,74.5
VPL,2024-07-25,73.71
VPL,2024-07-26,74.63
VPL,2024-07-29,74.69
VPL,2024-07-30,74.71
VPL,2024-07-31,76.61
VPL,2024-08-01,73.96
VPL,2024-08-02,71.61
VPL,2024-08-05,69.64
VPL,2024-08-06,69.61
VPL,2024-08-07,70.3
VPL,2024-08-08,71.84
VPL,2024-08-09,72.01
VPL,2024-08-12,72.22
VPL,2024-08-13,73.85
VPL,2024-08-14,73.89
VPL,2024-08-15,74.95
VPL,2024-08-16,75.53
VPL,2024-08-19,76.62
VPL,2024-08-20,76.31
VPL,2024-08-21,77.04
VPL,2024-08-22,76.32
VPL,2024-08-23,78.13
VPL,2024-08-26,77.4
VPL,2024-08-27,77.89
VPL,2024-08-28,77.49
VPL,2024-08-29,77.63
VPL,2024-08-30,77.82
VPL,2024-09-03,76.51
VPL,2024-09-04,76.2
VPL,2024-09-05,76.49
VPL,2024-09-06,74.29
VPL,2024-09-09,75.64
VPL,2024-09-10,75.38
VPL,2024-09-11,75.86
VPL,2024-09-12,76.55
VPL,2024-09-13,76.5
VPL,2024-09-16,77.2
VPL,2024-09-17,76.55
VPL,2024-09-18,76.33
VPL,2024-09-19,78.03
VPL,2024-09-20,77.23
VPL,2024-09-23,77.73
VPL,2024-09-24,77.84
VPL,2024-09-25,77.18
VPL,2024-09-26,79.56
VPL,2024-09-27,78.38
VPL,2024-09-30,78.39
VPL,2024-10-01,78.23
VPL,2024-10-02,78.21
VPL,2024-10-03,77.53
VPL,2024-10-04,78.16
VPL,2024-10-07,77.66
VPL,2024-10-08,77.44
VPL,2024-10-09,77.22
VPL,2024-10-10,77.17
VPL,2024-10-11,77.44
VPL,2024-10-14,77.43
VPL,2024-10-15,76.19
VPL,2024-10-16,76.64
VPL,2024-10-17,76.31
VPL,2024-10-18,76.62
VPL,2024-10-21,75.58
VPL,2024-10-22,74.8
VPL,2024-10-23,73.73
VPL,2024-10-24,74.08
VPL,2024-10-25,73.95
VPL,2024-10-28,74.44
VPL,2024-10-29,74.69
VPL,2024-10-30,74.49
VPL,2024-10-31,74.12
VPL,2024-11-01,74.11
VPL,2024-11-04,74.27
VPL,2024-11-05,75.33
VPL,2024-11-06,74.94
VPL,2024-11-07,76.12
VPL,2024-11-08,75.17
VPL,2024-11-11,75.07
VPL,2024-11-12,73.82
VPL,2024-11-13,73.18
VPL,2024-11-14,73.12
VPL,2024-11-15,73.07
VPL,2024-11-18,73.76
VPL,2024-11-19,73.84
VPL,2024-11-20,73.32
VPL,2024-11-21,73.76
VPL,2024-11-22,74.09
VPL,2024-11-25,74.43
VPL,2024-11-26,74.06
VPL,2024-11-27,74.07
VPL,2024-11-29,75.39
VPL,2024-12-02,75.71
VPL,2024-12-03,76.24
VPL,2024-12-04,75.9
VPL,2024-12-05,75.66
VPL,2024-12-06,75.44
VPL,2024-12-09,75.14
VPL,2024-12-10,74.61
VPL,2024-12-11,75.43
VPL,2024-12-12,74.72
VPL,2024-12-13,74.26
VPL,2024-12-16,73.93
VPL,2024-12-17,73.7
VPL,2024-12-18,71.78
VPL,2024-12-19,71.85
VPL,2024-12-20,70.63
VPL,2024-12-23,71.06
VPL,2024-12-24,71.19
VPL,2024-12-26,71.49
VPL,2024-12-27,71.64
VPL,2024-12-30,71.16
VPL,2024-12-31,71.04
VPL,2025-01-02,71.01
VPL,2025-01-03,71.59
VPL,2025-01-06,71.94
VPL,2025-01-07,71.65
VPL,2025-01-08,71.57
VPL,2025-01-10,69.87
VPL,2025-01-13,70.15
VPL,2025-01-14,70.24
VPL,2025-01-15,71.14
VPL,2025-01-16,70.9
VPL,2025-01-17,71.18
VPL,2025-01-21,72.38
VPL,2025-01-22,72.23
VPL,2025-01-23,72.65
VPL,2025-01-24,73.18
VPL,2025-01-27,72.58
VPL,2025-01-28,72.84
VPL,2025-01-29,72.62
VPL,2025-01-30,73.64
VPL,2025-01-31,72.64
VPL,2025-02-03,72.02
VPL,2025-02-04,72.82
VPL,2025-02-05,73.52
VPL,2025-02-06,73.83
VPL,2025-02-07,73.05
VPL,2025-02-10,73.51
VPL,2025-02-11,73.51
VPL,2025-02-12,73.34
VPL,2025-02-13,74.51
VPL,2025-02-14,74.47
VPL,2025-02-18,75.05
VPL,2025-02-19,74.74
VPL,2025-02-20,74.93
VPL,2025-02-21,74.18
VPL,2025-02-24,73.94
VPL,2025-02-25,74.44
VPL,2025-02-26,74.45
VPL,2025-02-27,73.73
VPL,2025-02-28,73.06
VPL,2025-03-03,73.46
VPL,2025-03-04,73.22
VPL,2025-03-05,74.82
VPL,2025-03-06,74.17
VPL,2025-03-07,74.65
VPL,2025-03-10,73.19
VPL,2025-03-11,72.71
VPL,2025-03-12,73.76
VPL,2025-03-13,73.28
VPL,2025-03-14,74.49
VPL,2025-03-17,75.43
VPL,2025-03-18,74.99
VPL,2025-03-19,75.62
VPL,2025-03-20,75.12
VPL,2025-03-21,74.65
VPL,2025-03-24,74.69
VPL,2025-03-25,75.09
VPL,2025-03-26,74.41
VPL,2025-03-27,74.33
VPL,2025-03-28,73.0
VPL,2025-03-31,72.46
VPL,2025-04-01,72.6
VPL,2025-04-02,72.57
VPL,2025-04-03,70.24
VPL,2025-04-04,65.9
VPL,2025-04-07,65.18
VPL,2025-04-08,65.04
VPL,2025-04-09,70.07
VPL,2025-04-10,68.23
VPL,2025-04-11,70.12
VPL,2025-04-14,71.26
VPL,2025-04-15,71.59
VPL,2025-04-16,71.21
VPL,2025-04-17,72.36
VPL,2025-04-21,72.31
VPL,2025-04-22,73.69
VPL,2025-04-23,73.83
VPL,2025-04-24,74.72
VPL,2025-04-25,74.82
VPL,2025-04-28,75.49
VPL,2025-04-29,75.7
VPL,2025-04-30,75.53
VPL,2025-05-01,75.09
VPL,2025-05-02,76.39
VPL,2025-05-05,76.64
VPL,2025-05-06,77.04
VPL,2025-05-07,76.36
VPL,2025-05-08,76.15
VPL,2025-05-09,76.58
VPL,2025-05-12,77.31
VPL,2025-05-13,77.07
VPL,2025-05-14,76.52
VPL,2025-05-15,77.27
VPL,2025-05-16,77.41
VPL,2025-05-19,77.6
VPL,2025-05-20,77.74
VPL,2025-05-21,77.4
VPL,2025-05-22,77.27
VPL,2025-05-23,77.96
VPL,2025-05-27,79.42
VPL,2025-05-28,78.53
VPL,2025-05-29,78.89
VPL,2025-05-30,78.98
VPL,2025-06-02,80.07
VPL,2025-06-03,79.49
VPL,2025-06-04,79.95
VPL,2025-06-05,79.7
VPL,2025-06-06,80.04
VPL,2025-06-09,80.12
VPL,2025-06-10,80.27
VPL,2025-06-11,80.26
VPL,2025-06-12,80.76
VPL,2025-06-13,79.95
VPL,2025-06-16,80.44
VPL,2025-06-17,79.42
VPL,2025-06-18,80.12
VPL,2025-06-20,79.0
VPL,2025-06-23,79.51
VPL,2025-06-24,80.67
VPL,2025-06-25,80.46
VPL,2025-06-26,81.58
VPL,2025-06-27,82.08
VPL,2025-06-30,82.18
VPL,2025-07-01,81.93
VPL,2025-07-02,82.22
VPL,2025-07-03,82.38
VPL,2025-07-07,80.54
VPL,2025-07-08,81.24
VPL,2025-07-09,81.37
VPL,2025-07-10,81.57
VPL,2025-07-11,80.99
VPL,2025-07-14,81.24
VPL,2025-07-15,80.61
VPL,2025-07-16,80.94
VPL,2025-07-17,81.29
VPL,2025-07-18,80.89
VPL,2025-07-21,81.72
VPL,2025-07-22,81.96
VPL,2025-07-23,84.41
VPL,2025-07-24,84.1
VPL,2025-07-25,83.6
VPL,2025-07-28,82.46
VPL,2025-07-29,82.53
VPL,2025-07-30,82.37
VPL,2025-07-31,81.92
VPL,2025-08-01,81.92
VPL,2025-08-04,83.32
VPL,2025-08-05,83.37
VPL,2025-08-06,84.23
VPL,2025-08-07,84.69
VPL,2025-08-08,85.46
VPL,2025-08-11,85.3
VPL,2025-08-12,86.51
VPL,2025-08-13,86.68
VPL,2025-08-14,86.04
VPL,2025-08-15,86.83
VPL,2025-08-18,86.84
VPL,2025-08-19,86.45
VPL,2025-08-20,86.26
VPL,2025-08-21,85.72
VPL,2025-08-22,87.28
VPL,2025-08-25,86.35
VPL,2025-08-26,86.4
VPL,2025-08-27,86.25
VPL,2025-08-28,86.88
VPL,2025-08-29,86.02
VPL,2025-09-02,85.74
VPL,2025-09-03,85.71
VPL,2025-09-04,86.27
VPL,2025-09-05,86.8
VPL,2025-09-08,88.18
VPL,2025-09-09,87.69
VPL,2025-09-10,88.26
VPL,2025-09-11,89.23
VPL,2025-09-12,88.9
VPL,2025-09-15,89.56
VPL,2025-09-16,89.67
VPL,2025-09-17,89.25
VPL,2025-09-18,89.45
VPL,2025-09-19,88.23
VPL,2025-09-22,88.79
VPL,2025-09-23,88.59
VPL,2025-09-24,87.9
VPL,2025-09-25,87.58
VPL,2025-09-26,87.64
VPL,2025-09-29,88.07
VPL,2025-09-30,87.84
VPL,2025-10-01,88.18
VPL,2025-10-02,88.44
VPL,2025-10-03,89.69
VPL,2025-10-06,90.56
VPL,2025-10-07,89.33
VPL,2025-10-08,89.45
VPL,2025-10-09,89.02
VPL,2025-10-10,86.12
VPL,2025-10-13,87.35
VPL,2025-10-14,87.74
VPL,2025-10-15,89.02
VPL,2025-10-16,89.48
VPL,2025-10-17,89.81
VPL,2025-10-20,91.28
VPL,2025-10-21,90.21
VPL,2025-10-22,90.13
VPL,2025-10-23,90.43
VPL,2025-10-24,90.89
VPL,2025-10-27,92.05
VPL,2025-10-28,92.17
VPL,2025-10-29,91.64
VPL,2025-10-30,91.34
VPL,2025-10-31,91.63
VPL,2025-11-03,92.32
VPL,2025-11-04,91.02
VPL,2025-11-05,91.21
VPL,2025-11-06,90.77
VPL,2025-11-07,90.78
VPL,2025-11-10,91.93
VPL,2025-11-11,91.87
VPL,2025-11-12,92.39
VPL,2025-11-13,90.91
VPL,2025-11-14,91.49
VPL,2025-11-17,90.25
VPL,2025-11-18,88.71
VPL,2025-11-19,88.43
VPL,2025-11-20,87.18
VPL,2025-11-21,88.7
VPL,2025-11-24,89.19
VPL,2025-11-25,89.62
VPL,2025-11-26,90.83
VPL,2025-11-28,90.83
VPL,2025-12-01,90.36
VPL,2025-12-02,90.6
VPL,2025-12-03,90.93
VPL,2025-12-04,91.33
VPL,2025-12-05,91.73
VPL,2025-12-08,91.39
VPL,2025-12-09,91.63
VPL,2025-12-10,92.35
VPL,2025-12-11,92.27
VPL,2025-12-12,91.67
VPL,2025-12-15,92.32
VPL,2025-12-16,91.41
VPL,2025-12-17,90.39
VPL,2025-12-18,91.01
VPL,2025-12-19,89.28
VPL,2025-12-22,89.43
VPL,2025-12-23,90.33
VPL,2025-12-24,90.52
VPL,2025-12-26,90.8
VPL,2025-12-29,91.05
VPL,2025-12-30,90.94
VPL,2025-12-31,90.4
VPL,2026-01-02,91.8
VPL,2026-01-05,93.38
VPL,2026-01-06,93.75
VPL,2026-01-07,93.52
VPL,2026-01-08,93.58
VPL,2026-01-09,94.95
VPL,2026-01-12,95.52
VPL,2026-01-13,94.58
VPL,2026-01-14,95.34
VPL,2026-01-15,95.91
VPL,2026-01-16,96.29
VPL,2026-01-20,94.85
VPL,2026-01-21,96.35
VPL,2026-01-22,96.84
VPL,2026-01-23,97.25
VPL,2026-01-26,97.46
VPL,2026-01-27,99.47
VPL,2026-01-28,99.3
VPL,2026-01-29,99.95
VPL,2026-01-30,98.81
VPL,2026-02-02,98.66
VPL,2026-02-03,99.91
VPL,2026-02-04,100.17
VPL,2026-02-05,98.87
VPL,2026-02-06,101.72
VPL,2026-02-09,103.66
VPL,2026-02-10,104.54
VPL,2026-02-11,106.26
VPL,2026-02-12,105.93
VPL,2026-02-13,106.42
VPL,2026-02-17,104.9
VPL,2026-02-18,104.95
VPL,2026-02-19,105.39
VPL,2026-02-20,106.72
VPL,2026-02-23,106.19
VPL,2026-02-24,106.96
VPL,2026-02-25,108.61
VPL,2026-02-26,108.8
VPL,2026-02-27,108.93
VPL,2026-03-02,106.83
VPL,2026-03-03,101.81
VPL,2026-03-04,103.06
VPL,2026-03-05,99.83
VPL,2026-03-06,98.87
VPL,2026-03-09,100.53
VPL,2026-03-10,100.88
VPL,2026-03-11,100.7
VPL,2026-03-12,97.88
VPL,2026-03-13,97.12
VPL,2026-03-16,100.1
VPL,2026-03-17,100.32
VPL,2026-03-18,98.99
VPL,2026-03-19,99.45
VPL,2026-03-20,95.57
VPL,2026-03-23,98.83
VPL,2026-03-24,97.53
VPL,2026-03-25,98.6
VPL,2026-03-26,95.64
VPL,2026-03-27,95.07
VPL,2026-03-30,94.41
VPL,2026-03-31,97.73
VPL,2026-04-01,99.78
VPL,2026-04-02,98.44
VPL,2026-04-06,99.34
VPL,2026-04-07,99.58
VPL,2026-04-08,104.92
VPL,2026-04-09,104.03
VPL,2026-04-10,103.95
VPL,2026-04-13,104.48
VPL,2026-04-14,105.94
VPL,2026-04-15,105.46
VPL,2026-04-16,105.85
VPL,2026-04-17,107.37
VPL,2026-04-20,106.33
VPL,2026-04-21,103.92
VPL,2026-04-22,105.59
VPL,2026-04-23,104.28
VPL,2026-04-24,105.02
VPL,2026-04-27,105.49
VPL,2026-04-28,105.05
VPL,2026-04-29,104.34
VPL,2026-04-30,107.29
VPL,2026-05-01,106.84
VPL,2026-05-04,106.64
VPL,2026-05-05,108.99
VPL,2026-05-06,112.58
VPL,2026-05-07,111.07
VPL,2026-05-08,113.89
VPL,2026-05-11,114.43
VPL,2026-05-12,112.01
VPL,2026-05-13,114.05
VPL,2026-05-14,113.97
VPL,2026-05-15,111.06
VPL,2026-05-18,110.73
VPL,2026-05-19,109.81
VPL,2026-05-20,111.45
VPL,2026-05-21,112.45
VPL,2026-05-22,111.91
VPL,2026-05-26,115.49
VPL,2026-05-27,114.58
VPL,2026-05-28,115.82
VPL,2026-05-29,116.14
VPL,2026-06-01,117.64
VPL,2026-06-02,118.11
VPL,2026-06-03,117.78
VPL,2026-06-04,116.62
VPL,2026-06-05,109.51
VPL,2026-06-08,111.6
VPL,2026-06-09,111.17
VPL,2026-06-10,108.97
VPL,2026-06-11,114.29
VPL,2026-06-12,114.68
VPL,2026-06-15,117.61
VPL,2026-06-16,117.14
VPL,2026-06-17,117.16
VPL,2026-06-18,120.35
VPL,2026-06-22,120.73
VPL,2026-06-23,113.66
VPL,2026-06-24,114.36
VPL,2026-06-25,116.3
VPL,2026-06-26,115.05
VPL,2026-06-29,114.92
VPL,2026-06-30,115.69
VPL,2026-07-01,113.04
VPL,2026-07-02,111.96
VPL,2026-07-06,115.24
VPL,2026-07-07,112.29
VPL,2026-07-08,112.1
VPL,2026-07-09,113.07
VPL,2026-07-10,113.78
