ticker,close,price_date
A,171.29,2026-10-05
AAB.TO,0.02,2026-10-05
AAPL,332.89,2026-10-05
AAUC.TO,28.74,2026-10-06
AAV.TO,10.52,2026-10-06
ABBV,265.76,2026-10-05
ABNB,164.07,2026-10-05
ABRA.TO,11.99,2026-10-06
ABT,100.1,2026-10-05
ABX.TO,57.95,2026-10-06
AC.TO,25.78,2026-10-06
ACB.TO,6.51,2026-10-06
ACD.TO,0.8,2026-10-06
ACGL,94.36,2026-10-05
ACN,195.05,2026-10-05
ACO.TO,,
ACQ.TO,24.11,2026-10-06
ACX.TO,7.795,2026-10-06
AD-UN.TO,23.69,2026-10-06
AD.TO,,
ADBE,238.79,2026-10-05
ADCO.TO,0.115,2026-10-05
ADEN.TO,36.06,2026-10-06
ADI,419.1,2026-10-05
ADM,82.47,2026-10-05
ADN.TO,16.86,2026-10-06
ADP,260.26,2026-10-05
ADSK,221.56,2026-10-05
ADW-B.TO,,
ADW.TO,,
AEE,99.7,2026-10-05
AEG.TO,0.245,2026-10-06
AEM.TO,264.6,2026-10-06
AEP,119.73,2026-10-05
AES,14.9,2026-10-05
AFL,112.38,2026-10-05
AFN.TO,7.48,2026-10-06
AG.TO,24.96,2026-10-06
AGF-B.TO,15.35,2026-10-06
AGF.TO,,
AGI.TO,46.59,2026-10-06
AGMR.TO,3.32,2026-10-06
AGTF.TO,19.71,2026-10-06
AI.TO,11.28,2026-10-06
AIAI.TO,0.66,2026-10-06
AIDX.TO,0.79,2026-10-06
AIF.TO,44.64,2026-10-06
AIG,75.12,2026-10-05
AII.TO,,
AIM.TO,2.59,2026-10-06
AIQ.TO,41.44,2026-10-06
AIZ,266.41,2026-10-05
AJG,227.24,2026-10-05
AKAM,107.99,2026-10-05
AKT-B.TO,,
AKT.TO,3.7,2026-10-06
ALA.TO,54.52,2026-10-06
ALB,104.37,2026-10-05
ALC.TO,23.9,2026-10-06
ALGN,140.65,2026-10-05
ALK.TO,1.84,2026-10-06
ALL,224.71,2026-10-05
ALLE,153.67,2026-10-05
ALNY,219.89,2026-10-05
ALS.TO,65.99,2026-10-06
ALYA.TO,1.1,2026-10-06
AMAT,542.28,2026-10-05
AMC.TO,0.175,2026-10-06
AMCR,41.8,2026-10-05
AMD,631.75,2026-10-05
AME,251.92,2026-10-05
AMGN,402.98,2026-10-05
AMP,494.94,2026-10-05
AMT,162.26,2026-10-05
AMZN,251.4,2026-10-05
ANET,206.9,2026-10-05
ANRG.TO,2.39,2026-10-06
AON,272.05,2026-10-05
AOS,56.97,2026-10-05
AP-UN.TO,6.13,2026-10-06
AP.TO,,
APA,43.85,2026-10-05
APD,279.45,2026-10-05
APH,87.27,2026-10-05
APLI.TO,0.01,2026-10-05
APM.TO,5.9,2026-10-06
APO,115.35,2026-10-05
APP,281.97,2026-10-05
APR-UN.TO,11.55,2026-10-06
APR.TO,,
APS.TO,,
APTV,43.89,2026-10-05
AQN.TO,7.21,2026-10-06
ARA.TO,3.54,2026-10-06
ARE,45.88,2026-10-05
ARE.TO,57.45,2026-10-06
ARES,117.13,2026-10-05
ARG.TO,8.77,2026-10-06
ARIS.TO,25.1,2026-10-06
ARM,302.9,2026-10-05
ARX.TO,,
ASCU.TO,,
ASM.TO,7.91,2026-10-06
ASML,1859.86,2026-10-05
ASTL.TO,6.18,2026-10-06
ATD.TO,77.16,2026-10-06
ATH.TO,12.23,2026-10-06
ATO,158.05,2026-10-05
ATRL.TO,87.39,2026-10-06
ATS.TO,25.96,2026-10-06
ATZ.TO,121.24,2026-10-06
AUMN.TO,0.33,2026-10-06
AVB,,
AVCN.TO,0.115,2026-10-06
AVGO,362.51,2026-10-05
AVL.TO,6.5,2026-10-06
AVNT.TO,0.57,2026-10-06
AVY,170.0,2026-10-05
AW.TO,35.78,2026-10-06
AWK,127.84,2026-10-05
AXON,411.81,2026-10-05
AXP,304.02,2026-10-05
AYA.TO,39.05,2026-10-06
AZO,2807.73,2026-10-05
BA,192.72,2026-10-05
BABY.TO,,
BAC,54.0,2026-10-05
BALL,57.11,2026-10-05
BAM.TO,64.29,2026-10-06
BAMI.TO,5.6,2026-10-06
BAX,24.22,2026-10-05
BB.TO,13.65,2026-10-06
BBD-B.TO,304.27,2026-10-06
BBD.TO,,
BBUC.TO,37.12,2026-10-06
BBY,87.39,2026-10-05
BCE.TO,28.03,2026-10-06
BCHT.TO,2.09,2026-10-06
BCT.TO,5.7,2026-10-06
BDGI.TO,96.91,2026-10-06
BDI.TO,20.64,2026-10-06
BDT.TO,83.21,2026-10-06
BDX,180.67,2026-10-05
BEI-UN.TO,61.13,2026-10-06
BEI.TO,,
BEK-B.TO,12.75,2026-10-05
BEK.TO,,
BEN,32.88,2026-10-05
BEP-UN.TO,41.76,2026-10-06
BEP.TO,,
BEPC.TO,42.14,2026-10-06
BF-B,26.27,2026-10-05
BG,107.32,2026-10-05
BGAU.TO,1.34,2026-10-06
BGI-UN.TO,5.67,2026-10-06
BGI.TO,,
BHC.TO,8.56,2026-10-06
BIIB,223.59,2026-10-05
BIP-UN.TO,53.12,2026-10-06
BIP.TO,,
BIPC.TO,53.53,2026-10-06
BIR.TO,6.7,2026-10-06
BITF.TO,,
BK,,
BK.TO,15.58,2026-10-06
BKI.TO,0.075,2026-10-06
BKNG,158.33,2026-10-05
BKR,57.38,2026-10-05
BLCO.TO,24.35,2026-10-06
BLDP.TO,2.94,2026-10-06
BLDR,55.63,2026-10-05
BLK,1066.45,2026-10-05
BLN.TO,,
BLX.TO,,
BMO.TO,236.2,2026-10-06
BMY,58.81,2026-10-05
BN-PFM.TO,25.48,2026-10-06
BN.TO,52.98,2026-10-06
BNE.TO,6.28,2026-10-06
BNG.TO,0.03,2026-10-06
BNK.TO,14.23,2026-10-06
BNKR.TO,3.57,2026-10-06
BNS.TO,128.24,2026-10-06
BNT.TO,52.92,2026-10-06
BOIL.TO,2.38,2026-10-06
BOS.TO,6.71,2026-10-06
BPF-UN.TO,19.54,2026-10-06
BPF.TO,,
BPO-PR.TO,23.7,2026-10-06
BPO.TO,,
BPS.TO,,
BPYP.TO,,
BR,159.08,2026-10-05
BR.TO,0.55,2026-10-05
BRAG.TO,1.66,2026-10-06
BRE.TO,2.93,2026-10-06
BRF.TO,,
BRK-B,504.26,2026-10-05
BRO,60.93,2026-10-05
BRY.TO,0.26,2026-10-06
BSX,42.4,2026-10-05
BSX.TO,1.2,2026-10-06
BTB-UN.TO,3.59,2026-10-06
BTB.TO,,
BTE.TO,6.68,2026-10-06
BTO.TO,7.39,2026-10-06
BU.TO,1.27,2026-10-06
BX,111.65,2026-10-05
BXP,59.37,2026-10-05
BYD.TO,109.61,2026-10-06
BYDDY,9.52,2026-10-06
BYL.TO,0.21,2026-10-06
C,128.55,2026-10-05
CAE.TO,33.69,2026-10-06
CAG,13.19,2026-10-05
CAH,233.12,2026-10-05
CAR-UN.TO,31.42,2026-10-06
CAR.TO,,
CARR,55.73,2026-10-05
CAS.TO,17.73,2026-10-06
CASH.TO,50.02,2026-10-06
CASY,617.33,2026-10-05
CAT,848.14,2026-10-05
CB,330.49,2026-10-05
CBOE,277.47,2026-10-05
CBRE,129.4,2026-10-05
CCA.TO,51.82,2026-10-06
CCEP,101.47,2026-10-05
CCI,67.58,2026-10-05
CCL,25.56,2026-10-05
CCL-B.TO,94.03,2026-10-06
CCL.TO,,
CCM.TO,0.75,2026-10-06
CCO.TO,132.27,2026-10-06
CCS.TO,,
CDE.TO,24.42,2026-10-06
CDNS,353.48,2026-10-05
CDR.TO,4.3,2026-10-06
CDW,133.92,2026-10-05
CEF.TO,59.37,2026-10-06
CEG,267.62,2026-10-05
CEMX.TO,0.485,2026-10-06
CEU.TO,18.24,2026-10-06
CF,116.02,2026-10-05
CF.TO,14.52,2026-10-06
CFF.TO,0.11,2026-10-05
CFG,64.31,2026-10-05
CFP.TO,14.42,2026-10-06
CFW.TO,6.73,2026-10-06
CG.TO,30.89,2026-10-06
CGG.TO,39.67,2026-10-06
CGI.TO,51.31,2026-10-06
CGO.TO,48.23,2026-10-06
CGX.TO,12.18,2026-10-06
CGY.TO,82.79,2026-10-06
CHD,95.66,2026-10-05
CHE-UN.TO,14.49,2026-10-06
CHE.TO,,
CHP-UN.TO,14.63,2026-10-06
CHP.TO,,
CHR.TO,29.84,2026-10-06
CHRW,140.61,2026-10-05
CHTR,107.77,2026-10-05
CI,271.29,2026-10-05
CIA.TO,3.0,2026-10-06
CIEN,389.69,2026-10-05
CIGI.TO,124.61,2026-10-06
CINF,162.14,2026-10-05
CIU.TO,,
CJ.TO,12.39,2026-10-06
CJR-B.TO,0.035,2026-10-06
CJR.TO,,
CJT.TO,87.58,2026-10-06
CKI.TO,23.54,2026-10-06
CL,86.19,2026-10-05
CLCH.TO,1.08,2026-10-06
CLS.TO,551.79,2026-10-06
CLX,82.01,2026-10-05
CM.TO,158.65,2026-10-06
CMCSA,21.57,2026-10-05
CME,270.03,2026-10-05
CMG,30.85,2026-10-05
CMG.TO,4.42,2026-10-06
CMI,523.37,2026-10-05
CMS,64.03,2026-10-05
CNC,64.3,2026-10-05
CNL.TO,17.41,2026-10-06
CNP,37.75,2026-10-05
CNQ.TO,68.48,2026-10-06
CNR.TO,168.34,2026-10-06
CNT.TO,0.04,2026-10-05
COF,195.14,2026-10-05
COHR,333.64,2026-10-05
COIN,188.22,2026-10-05
COO,56.77,2026-10-05
COP,128.4,2026-10-05
COP-UN.TO,16.81,2026-10-06
COP.TO,,
COPR.TO,0.4,2026-10-06
COR,314.93,2026-10-05
COST,923.52,2026-10-05
CP.TO,121.44,2026-10-06
CPAY,401.72,2026-10-05
CPB,19.3,2026-10-05
CPH.TO,13.86,2026-10-06
CPKR.TO,14.48,2026-10-06
CPRT,27.65,2026-10-05
CPT,97.37,2026-10-05
CPX.TO,64.49,2026-10-06
CRDL.TO,1.88,2026-10-06
CRH,82.65,2026-10-05
CRL,310.77,2026-10-05
CRM,229.79,2026-10-05
CRON.TO,4.67,2026-10-06
CRR-UN.TO,15.68,2026-10-06
CRR.TO,,
CRRX.TO,3.24,2026-10-06
CRT-UN.TO,16.96,2026-10-06
CRT.TO,,
CRWD,272.67,2026-10-05
CRWN.TO,0.91,2026-10-05
CS.TO,14.36,2026-10-06
CSCI.TO,8.7,2026-10-06
CSCO,112.82,2026-10-05
CSE.TO,,
CSGP,27.66,2026-10-05
CSH-UN.TO,19.44,2026-10-06
CSH.TO,,
CSU.TO,2950.6399,2026-10-06
CSW-B.TO,15.13,2026-10-06
CSW.TO,,
CSX,47.43,2026-10-05
CTAS,195.4,2026-10-05
CTC.TO,203.0,2026-10-05
CTF-UN.TO,3.31,2026-10-06
CTF.TO,,
CTSH,58.17,2026-10-05
CTVA,12.39,2026-10-05
CTX.TO,,
CU-PK.TO,23.63,2026-10-06
CU.TO,50.2,2026-10-06
CUP.TO,,
CURA.TO,14.22,2026-10-06
CVE.TO,44.46,2026-10-06
CVG.TO,82.0,2026-10-05
CVNA,63.72,2026-10-05
CVO.TO,4.39,2026-10-06
CVS,87.01,2026-10-05
CVVY.TO,2.28,2026-10-06
CVX,206.47,2026-10-05
CWEB.TO,0.37,2026-10-06
CWL.TO,1.04,2026-10-06
CXI.TO,31.0,2026-10-05
CYB.TO,96.65,2026-10-06
D,61.02,2026-10-05
D-UN.TO,15.94,2026-10-06
D.TO,,
DAL,83.08,2026-10-05
DASH,191.77,2026-10-05
DBM.TO,10.71,2026-10-06
DBO.TO,1.1,2026-10-06
DC-A.TO,4.5,2026-10-06
DC.TO,,
DCBO.TO,34.28,2026-10-06
DCM.TO,2.3,2026-10-06
DD,130.69,2026-10-05
DDOG,276.415,2026-10-05
DE,682.2,2026-10-05
DECK,80.21,2026-10-05
DELL,552.29,2026-10-05
DF.TO,8.34,2026-10-06
DFN.TO,8.34,2026-10-06
DFY.TO,66.77,2026-10-06
DG,119.32,2026-10-05
DGS.TO,7.29,2026-10-06
DGX,232.22,2026-10-05
DHI,133.23,2026-10-05
DHR,221.21,2026-10-05
DHT-UN.TO,18.22,2026-10-06
DHT.TO,,
DIAM.TO,0.02,2026-10-06
DII-B.TO,1.3,2026-10-06
DII.TO,,
DIR-UN.TO,12.65,2026-10-06
DIR.TO,,
DIS,103.61,2026-10-05
DIV.TO,4.11,2026-10-06
DLCG.TO,8.52,2026-10-06
DLR,179.87,2026-10-05
DLTR,113.19,2026-10-05
DML.TO,3.87,2026-10-06
DND.TO,1.19,2026-10-06
DNG.TO,5.15,2026-10-06
DOC,18.84,2026-10-05
DOL.TO,186.03,2026-10-06
DOO.TO,79.81,2026-10-06
DOV,191.3,2026-10-05
DOW,28.51,2026-10-05
DPM.TO,54.51,2026-10-06
DPZ,297.27,2026-10-05
DR.TO,15.0,2026-10-06
DRI,199.72,2026-10-05
DRM.TO,16.69,2026-10-06
DRT.TO,0.83,2026-10-06
DRX.TO,16.06,2026-10-06
DS.TO,7.99,2026-10-06
DSG.TO,111.79,2026-10-06
DSV.TO,11.82,2026-10-06
DTE,125.04,2026-10-05
DTOL.TO,10.35,2026-10-06
DUK,113.84,2026-10-05
DVA,178.72,2026-10-05
DVN,47.98,2026-10-05
DXCM,86.9,2026-10-05
DXT.TO,17.8,2026-10-06
DYA.TO,0.09,2026-10-06
E.TO,1.88,2026-10-06
EA,,
EAGR.TO,0.07,2026-10-06
EBAY,107.14,2026-10-05
ECL,277.07,2026-10-05
ECN.TO,,
ECO.TO,1.77,2026-10-06
ECOR.TO,3.07,2026-10-06
ED,103.38,2026-10-05
EDR.TO,12.31,2026-10-06
EDT.TO,1.16,2026-10-06
EDV.TO,79.25,2026-10-06
EFN.TO,22.14,2026-10-06
EFR.TO,15.97,2026-10-06
EFX,142.6,2026-10-05
EFX.TO,34.66,2026-10-06
EG,366.81,2026-10-05
EGLX.TO,0.03,2026-10-06
EIF.TO,118.73,2026-10-06
EIT-UN.TO,17.33,2026-10-06
EIT.TO,,
EIX,54.24,2026-10-05
EL,93.3,2026-10-05
ELD.TO,54.78,2026-10-06
ELEF.TO,0.13,2026-10-06
ELF.TO,17.65,2026-10-06
ELO.TO,1.62,2026-10-06
ELR.TO,0.295,2026-10-06
ELV,394.51,2026-10-05
ELVA.TO,9.29,2026-10-06
EMA.TO,66.31,2026-10-06
EME,779.2,2026-10-05
EMP-A.TO,48.3,2026-10-06
EMP.TO,,
EMR,162.33,2026-10-05
ENB.TO,66.2,2026-10-06
ENGH.TO,16.75,2026-10-06
ENI-UN.TO,2.34,2026-10-05
ENI.TO,,
ENS.TO,15.75,2026-10-06
EOG,144.08,2026-10-05
EPAM,109.95,2026-10-05
EPRX.TO,11.01,2026-10-06
EQB.TO,121.75,2026-10-06
EQIX,1023.44,2026-10-05
EQR,,
EQT,51.12,2026-10-05
EQX.TO,16.14,2026-10-06
ERD.TO,5.9,2026-10-06
ERE-UN.TO,,
ERE.TO,,
ERIE,221.46,2026-10-05
ERO.TO,53.9,2026-10-06
ES,64.69,2026-10-05
ESI.TO,3.62,2026-10-06
ESM.TO,0.145,2026-10-06
ESP.TO,6.72,2026-10-06
ESS,271.93,2026-10-05
ET.TO,12.61,2026-10-06
ETG.TO,2.95,2026-10-06
ETN,432.6,2026-10-05
ETR,100.82,2026-10-05
EVRG,79.09,2026-10-05
EVT.TO,23.45,2026-10-05
EW,87.23,2026-10-05
EXC,40.82,2026-10-05
EXE,86.43,2026-10-05
EXE.TO,26.68,2026-10-06
EXPD,194.12,2026-10-05
EXPE,260.17,2026-10-05
EXR,132.91,2026-10-05
F,12.15,2026-10-05
FANG,184.08,2026-10-05
FAP.TO,2.66,2026-10-06
FAR.TO,2.5,2026-10-06
FAST,50.69,2026-10-05
FC.TO,10.95,2026-10-06
FCD-UN.TO,6.89,2026-10-06
FCD.TO,,
FCR-UN.TO,22.88,2026-10-06
FCR.TO,,
FCX,72.6,2026-10-05
FDS,276.44,2026-10-05
FDX,289.13,2026-10-05
FDY.TO,5.41,2026-10-06
FE,43.64,2026-10-05
FEC.TO,8.29,2026-10-06
FER,51.84,2026-10-05
FF.TO,0.71,2026-10-06
FFH.TO,2212.1299,2026-10-06
FFIV,458.53,2026-10-05
FFM.TO,1.64,2026-10-06
FFN.TO,9.04,2026-10-06
FICO,689.61,2026-10-05
FIH.TO,,
FIS,33.58,2026-10-05
FISV,46.14,2026-10-05
FITB,50.8,2026-10-05
FIX,1713.0699,2026-10-05
FLNT.TO,1.41,2026-10-05
FLT.TO,0.55,2026-10-06
FM.TO,39.95,2026-10-06
FMR.TO,0.24,2026-10-05
FN.TO,,
FNV.TO,346.84,2026-10-06
FOM.TO,,
FOOD.TO,0.03,2026-10-05
FORA.TO,2.77,2026-10-06
FOX,56.7,2026-10-05
FOXA,63.33,2026-10-05
FRT,105.97,2026-10-05
FRU.TO,16.64,2026-10-06
FRX.TO,14.75,2026-10-06
FSLR,176.16,2026-10-05
FSV.TO,183.12,2026-10-06
FSY.TO,,
FSZ.TO,4.13,2026-10-06
FT.TO,0.13,2026-10-06
FTG.TO,26.0,2026-10-06
FTN.TO,10.98,2026-10-06
FTNT,184.13,2026-10-05
FTS.TO,75.25,2026-10-06
FTT.TO,112.0,2026-10-06
FTU.TO,0.71,2026-10-05
FTV,57.38,2026-10-05
FURY.TO,0.73,2026-10-06
FVI.TO,15.88,2026-10-06
FVL.TO,1.05,2026-10-06
GAU.TO,2.95,2026-10-06
GBT.TO,12.6,2026-10-06
GC=F,4192.7998,2026-10-06
GCU.TO,0.465,2026-10-06
GD,331.72,2026-10-05
GDC.TO,3.37,2026-10-05
GDDY,99.74,2026-10-05
GDL.TO,11.21,2026-10-06
GDV.TO,10.98,2026-10-06
GE,306.34,2026-10-05
GEC.TO,0.25,2026-10-05
GEHC,65.74,2026-10-05
GEI.TO,31.82,2026-10-06
GEN,22.28,2026-10-05
GENM.TO,0.515,2026-10-06
GEO.TO,2.64,2026-10-06
GEV,990.0,2026-10-05
GFL.TO,60.5,2026-10-06
GFP.TO,1.72,2026-10-06
GFR.TO,8.8,2026-10-06
GGD.TO,4.02,2026-10-06
GH.TO,,
GIB-A.TO,98.95,2026-10-06
GIB.TO,,
GIL.TO,59.27,2026-10-06
GILD,144.63,2026-10-05
GIS,31.68,2026-10-05
GL,165.92,2026-10-05
GLO.TO,0.415,2026-10-06
GLW,159.37,2026-10-05
GM,80.23,2026-10-05
GMIN.TO,49.62,2026-10-06
GMX.TO,2.13,2026-10-06
GNRC,215.2,2026-10-05
GO.TO,,
GOLD.TO,1.29,2026-10-06
GOOG,343.83,2026-10-05
GOOGL,346.47,2026-10-05
GOOS.TO,10.89,2026-10-06
GPC,126.24,2026-10-05
GPN,82.18,2026-10-05
GRA.TO,1.43,2026-10-06
GRC.TO,0.06,2026-10-05
GRGD.TO,54.36,2026-10-06
GRID.TO,4.66,2026-10-06
GRMN,285.52,2026-10-05
GRN.TO,0.165,2026-10-06
GRT-UN.TO,84.32,2026-10-06
GRT.TO,,
GS,893.46,2026-10-05
GSY.TO,43.07,2026-10-06
GTE.TO,14.84,2026-10-06
GTWO.TO,,
GUD.TO,10.54,2026-10-06
GURU.TO,2.83,2026-10-06
GVC.TO,0.38,2026-10-06
GWO.TO,89.07,2026-10-06
GWW,1286.84,2026-10-05
H.TO,51.26,2026-10-06
HAI.TO,4.28,2026-10-06
HAL,32.78,2026-10-05
HAS,92.38,2026-10-05
HBAN,15.29,2026-10-05
HBM.TO,38.38,2026-10-06
HBP.TO,0.92,2026-10-06
HCA,434.92,2026-10-05
HD,281.15,2026-10-05
HFPC.TO,,
HIG,126.21,2026-10-05
HII,266.48,2026-10-05
HLF.TO,14.48,2026-10-06
HLS.TO,4.2,2026-10-06
HLT,316.12,2026-10-05
HMM-A.TO,26.9,2026-10-06
HMM.TO,,
HOM-UN.TO,15.05,2026-10-06
HOM.TO,,
HON,214.14,2026-10-05
HOOD,114.11,2026-10-05
HOT-UN.TO,0.53,2026-10-06
HOT.TO,,
HPE,68.36,2026-10-05
HPQ,31.47,2026-10-05
HPS-A.TO,298.0,2026-10-06
HPS.TO,,
HR-UN.TO,9.23,2026-10-06
HR.TO,,
HRL,20.08,2026-10-05
HSIC,84.23,2026-10-05
HSLV.TO,7.38,2026-10-06
HST,22.44,2026-10-05
HSY,161.01,2026-10-05
HUBB,485.41,2026-10-06
HUM,404.07,2026-10-05
HUT.TO,130.86,2026-10-06
HWM,229.57,2026-10-05
HWO.TO,1.17,2026-10-06
HWX.TO,13.46,2026-10-06
IAG.TO,203.97,2026-10-06
IAU.TO,2.3,2026-10-06
IBKR,89.05,2026-10-05
IBM,221.58,2026-10-05
ICE,152.15,2026-10-05
ICE.TO,4.28,2026-10-05
IDXX,527.07,2026-10-05
IE.TO,14.68,2026-10-06
IEX,235.29,2026-10-05
IFA.TO,4.02,2026-10-06
IFC.TO,239.33,2026-10-06
IFF,83.26,2026-10-05
IFP.TO,13.14,2026-10-06
IGM.TO,83.68,2026-10-06
III.TO,8.44,2026-10-06
IIP-UN.TO,,
IIP.TO,,
ILLM.TO,0.62,2026-10-06
IMG.TO,26.4,2026-10-06
IMO.TO,173.91,2026-10-06
IMP.TO,0.88,2026-10-06
INC-UN.TO,10.11,2026-10-05
INC.TO,,
INCY,114.13,2026-10-05
INO-UN.TO,0.66,2026-10-06
INO.TO,,
INSM,103.83,2026-10-05
INTC,116.19,2026-10-05
INTU,284.68,2026-10-05
INVH,26.06,2026-10-05
IP,32.05,2026-10-05
IPCO.TO,34.84,2026-10-06
IPO.TO,17.03,2026-10-06
IQV,266.09,2026-10-05
IR,78.55,2026-10-05
IRM,112.33,2026-10-05
IS.TO,18.31,2026-10-06
ISC.TO,,
ISO.TO,14.79,2026-10-06
ISRG,406.48,2026-10-05
IT,187.76,2026-10-05
ITH.TO,3.4,2026-10-06
ITW,264.19,2026-10-05
IVN.TO,11.91,2026-10-06
IVQ.TO,0.135,2026-10-06
IVZ,30.5,2026-10-05
J,138.67,2026-10-05
JAG.TO,7.04,2026-10-06
JBHT,229.74,2026-10-05
JBL,300.94,2026-10-05
JCI,156.85,2026-10-05
JD,26.36,2026-10-05
JFS-UN.TO,28.25,2026-10-05
JFS.TO,,
JKHY,145.12,2026-10-05
JNJ,252.93,2026-10-05
JOY.TO,5.19,2026-10-06
JPM,332.38,2026-10-05
JWEL.TO,45.45,2026-10-06
K.TO,33.88,2026-10-06
KBL.TO,41.63,2026-10-06
KDP,30.89,2026-10-05
KEI.TO,9.1,2026-10-06
KEL.TO,10.85,2026-10-06
KEY,20.18,2026-10-05
KEY.TO,53.02,2026-10-06
KEYS,384.17,2026-10-05
KHC,21.84,2026-10-05
KIM,22.03,2026-10-05
KITS.TO,16.7,2026-10-06
KKR,89.96,2026-10-05
KLAC,206.85,2026-10-05
KLS.TO,0.13,2026-10-05
KMB,95.41,2026-10-05
KMI,31.41,2026-10-05
KMP-UN.TO,17.44,2026-10-06
KMP.TO,,
KNT.TO,27.93,2026-10-06
KO,86.51,2026-10-05
KPT.TO,11.68,2026-10-06
KR,58.78,2026-10-05
KRN.TO,0.26,2026-10-06
KSI.TO,,
KVUE,17.39,2026-10-05
KXS.TO,174.2,2026-10-06
L,105.67,2026-10-05
L.TO,61.41,2026-10-06
LABS.TO,0.065,2026-10-06
LAC.TO,3.6,2026-10-06
LAM.TO,0.54,2026-10-06
LAR.TO,7.94,2026-10-06
LAS-A.TO,232.5,2026-10-06
LAS.TO,,
LB.TO,40.31,2026-10-06
LBS.TO,12.39,2026-10-06
LCFS.TO,22.9,2026-10-06
LCS.TO,11.6,2026-10-06
LDOS,119.45,2026-10-05
LEN,74.44,2026-10-05
LFE.TO,8.65,2026-10-06
LGD.TO,2.1,2026-10-06
LGO.TO,0.67,2026-10-06
LH,308.65,2026-10-05
LHX,236.88,2026-10-05
LIF.TO,23.33,2026-10-06
LII,361.15,2026-10-05
LIN,482.38,2026-10-05
LITE,1091.67,2026-10-05
LLY,1143.12,2026-10-05
LMT,506.63,2026-10-05
LNF.TO,24.73,2026-10-06
LNR.TO,98.52,2026-10-06
LNT,64.29,2026-10-05
LOVE.TO,2.1,2026-10-06
LOW,179.5,2026-10-05
LRCX,345.8,2026-10-05
LSPD.TO,14.44,2026-10-06
LUC.TO,0.135,2026-10-06
LUG.TO,86.64,2026-10-06
LULU,93.14,2026-10-05
LUN.TO,34.98,2026-10-06
LUV,41.85,2026-10-05
LVS,36.61,2026-10-05
LYB,59.22,2026-10-05
LYV,170.67,2026-10-05
MA,564.59,2026-10-05
MAA,116.47,2026-10-05
MAK.TO,,
MAL.TO,32.92,2026-10-06
MAR,355.89,2026-10-05
MARI.TO,8.33,2026-10-06
MAS,68.46,2026-10-05
MATR.TO,21.62,2026-10-06
MAU.TO,17.68,2026-10-06
MBX.TO,0.3,2026-10-06
MCB.TO,2.48,2026-10-06
MCD,233.04,2026-10-05
MCHP,81.49,2026-10-05
MCK,915.45,2026-10-05
MCO,448.15,2026-10-05
MDA.TO,42.91,2026-10-06
MDI.TO,17.08,2026-10-06
MDLZ,58.49,2026-10-05
MDNA.TO,0.435,2026-10-06
MDP.TO,4.83,2026-10-06
MDS.TO,,
MDT,87.97,2026-10-05
MELI,1860.61,2026-10-05
MEQ.TO,166.22,2026-10-06
MER.TO,2.02,2026-10-06
MET,96.88,2026-10-05
META,741.9,2026-10-05
MFC.TO,61.04,2026-10-06
MFI.TO,24.5,2026-10-06
MG.TO,93.3,2026-10-06
MGA.TO,0.55,2026-10-06
MGM,30.17,2026-10-05
MHC-UN.TO,29.5,2026-10-06
MHC.TO,,
MI-UN.TO,,
MI.TO,,
MIC.TO,,
MID-UN.TO,8.22,2026-10-06
MID.TO,,
MKC,45.54,2026-10-05
MKP.TO,20.57,2026-10-06
MKZ-UN.TO,0.53,2026-10-05
MKZ.TO,,
MLM,485.5,2026-10-05
MMM,163.19,2026-10-05
MMP-UN.TO,4.24,2026-10-06
MMP.TO,,
MNO.TO,2.32,2026-10-06
MNS.TO,49.7,2026-10-06
MNST,43.51,2026-10-05
MNT.TO,61.87,2026-10-06
MO,67.88,2026-10-05
MOLY.TO,1.55,2026-10-06
MOS,21.29,2026-10-05
MPC,433.47,2026-10-05
MPC.TO,4.76,2026-10-06
MPCT-UN.TO,1.4,2026-10-06
MPCT.TO,,
MPVD.TO,,
MPWR,1479.89,2026-10-05
MRC.TO,113.76,2026-10-06
MRD.TO,18.65,2026-10-06
MRE.TO,10.09,2026-10-06
MRG-UN.TO,14.59,2026-10-06
MRG.TO,,
MRK,139.54,2026-10-05
MRNA,203.21,2026-10-05
MRSH,170.43,2026-10-05
MRT-UN.TO,7.16,2026-10-06
MRT.TO,,
MRU.TO,88.98,2026-10-06
MRVL,271.25,2026-10-05
MS,190.19,2026-10-05
MSA.TO,10.39,2026-10-06
MSCI,552.35,2026-10-05
MSCL.TO,10.77,2026-10-06
MSFT,525.18,2026-10-05
MSI,455.37,2026-10-05
MSTR,164.43,2026-10-05
MSV.TO,0.59,2026-10-06
MTB,218.26,2026-10-05
MTD,1541.63,2026-10-05
MTEK.TO,2.92,2026-10-06
MTL.TO,27.0,2026-10-06
MTY.TO,31.42,2026-10-06
MU,1063.96,2026-10-05
MUX.TO,25.63,2026-10-06
MX.TO,86.55,2026-10-06
MXG.TO,4.18,2026-10-06
NANO.TO,0.85,2026-10-06
NCF.TO,0.35,2026-10-06
NCLH,14.87,2026-10-05
NDAQ,92.19,2026-10-05
NDM.TO,1.85,2026-10-06
NDSN,334.43,2026-10-05
NEE,76.28,2026-10-05
NEM,115.82,2026-10-05
NEO.TO,30.33,2026-10-06
NEXT.TO,0.25,2026-10-06
NFI.TO,25.03,2026-10-06
NFLX,67.5,2026-10-05
NG.TO,9.41,2026-10-06
NGEX.TO,24.85,2026-10-06
NI,39.55,2026-10-05
NKE,33.96,2026-10-05
NOA.TO,17.35,2026-10-06
NOC,476.11,2026-10-05
NOU.TO,1.63,2026-10-06
NOW,136.08,2026-10-05
NPI.TO,23.19,2026-10-06
NPK.TO,0.8,2026-10-06
NPS.TO,11.79,2026-10-06
NRG,96.8,2026-10-05
NRR-UN.TO,14.34,2026-10-06
NRR.TO,,
NSC,316.23,2026-10-05
NTAP,223.77,2026-10-05
NTR.TO,101.35,2026-10-06
NTRS,170.67,2026-10-05
NUAG.TO,9.03,2026-10-06
NUE,251.41,2026-10-05
NUMI.TO,,
NVDA,238.9,2026-10-05
NVO.TO,0.07,2026-10-06
NVR,5970.21,2026-10-05
NWC.TO,54.13,2026-10-06
NWS,32.0,2026-10-05
NWSA,28.95,2026-10-05
NXE.TO,13.41,2026-10-06
NXPI,241.97,2026-10-05
NXR-UN.TO,7.13,2026-10-06
NXR.TO,,
O,53.77,2026-10-05
OBE.TO,15.09,2026-10-06
OCG.TO,0.29,2026-10-06
ODFL,179.37,2026-10-05
OGC.TO,38.08,2026-10-06
OGD.TO,1.16,2026-10-06
OGI.TO,1.4,2026-10-06
OKE,88.58,2026-10-05
OLA.TO,,
OLY.TO,106.1,2026-10-06
OM.TO,1.73,2026-10-06
OMC,75.25,2026-10-05
ON,85.93,2026-10-05
ONEX.TO,104.96,2026-10-06
OR.TO,49.0,2026-10-06
ORCL,142.48,2026-10-05
ORE.TO,3.34,2026-10-06
ORIO.TO,1.49,2026-10-06
ORLY,83.9,2026-10-05
ORV.TO,2.21,2026-10-06
OTEX.TO,32.3,2026-10-06
OTIS,65.88,2026-10-05
OVV.TO,87.37,2026-10-06
OXY,58.31,2026-10-05
PAAS.TO,65.34,2026-10-06
PANW,406.76,2026-10-05
PAYX,99.78,2026-10-05
PBH.TO,70.51,2026-10-06
PBL.TO,16.78,2026-10-06
PBY-UN.TO,,
PBY.TO,16.03,2026-10-06
PCAR,109.36,2026-10-05
PCG,12.35,2026-10-05
PD.TO,120.42,2026-10-06
PDD,77.9,2026-10-05
PDN.TO,9.34,2026-10-06
PDV.TO,13.9,2026-10-06
PEG,68.68,2026-10-05
PEP,125.65,2026-10-05
PET.TO,17.8,2026-10-06
PEY.TO,23.83,2026-10-06
PFE,27.41,2026-10-05
PFG,111.03,2026-10-05
PG,145.94,2026-10-05
PGI.TO,6.72,2026-10-05
PGIC.TO,6.9,2026-10-06
PGR,212.62,2026-10-05
PH,975.68,2026-10-05
PHM,113.98,2026-10-05
PHX.TO,12.37,2026-10-06
PHYS.TO,44.69,2026-10-06
PIC-A.TO,9.52,2026-10-06
PIC.TO,,
PIF.TO,13.75,2026-10-06
PKG,229.31,2026-10-05
PLD,128.08,2026-10-05
PLTR,189.4,2026-10-05
PLZ-UN.TO,5.28,2026-10-06
PLZ.TO,,
PM,189.53,2026-10-05
PME.TO,5.33,2026-10-06
PMEI-UN.TO,8.51,2026-10-06
PMEI.TO,,
PMET.TO,4.32,2026-10-06
PMZ-UN.TO,21.69,2026-10-06
PMZ.TO,,
PNC,220.28,2026-10-05
PNC-B.TO,0.25,2026-10-05
PNC.TO,,
PNE.TO,0.55,2026-10-06
PNP.TO,9.22,2026-10-06
PNR,52.78,2026-10-05
PNW,95.96,2026-10-05
PODD,135.62,2026-10-05
POOL,159.35,2026-10-05
POU.TO,31.24,2026-10-06
POW.TO,89.24,2026-10-06
PPG,105.27,2026-10-05
PPL,32.95,2026-10-05
PPL.TO,66.37,2026-10-06
PPR.TO,0.32,2026-10-05
PPTA.TO,29.33,2026-10-06
PRL.TO,24.7,2026-10-06
PRM.TO,14.3,2026-10-05
PRN.TO,8.66,2026-10-06
PRQ.TO,1.72,2026-10-06
PRU,113.48,2026-10-05
PRU.TO,6.18,2026-10-06
PRV-UN.TO,6.57,2026-10-06
PRV.TO,,
PSA,281.66,2026-10-05
PSD.TO,3.13,2026-10-06
PSI.TO,14.28,2026-10-06
PSK.TO,33.31,2026-10-06
PSKY,9.53,2026-10-06
PSLV.TO,28.42,2026-10-06
PSX,269.72,2026-10-05
PTC,192.26,2026-10-05
PTM.TO,1.81,2026-10-06
PVS.TO,,
PWF-PR.TO,23.42,2026-10-06
PWF.TO,,
PWI.TO,10.87,2026-10-06
PWR,683.42,2026-10-05
PXT.TO,27.51,2026-10-06
PYPL,54.41,2026-10-05
PYR.TO,0.265,2026-10-06
PZA.TO,10.23,2026-10-06
Q,131.53,2026-10-05
QBR-B.TO,64.81,2026-10-06
QBR.TO,,
QBTC.TO,110.68,2026-10-06
QCOM,180.79,2026-10-05
QEC.TO,0.31,2026-10-05
QETH-UN.TO,58.6,2026-10-05
QETH.TO,,
QQQ,756.2,2026-10-05
QRC.TO,14.18,2026-10-06
QSP-UN.TO,103.46,2026-10-05
QSP.TO,,
QSR.TO,99.92,2026-10-06
QTRH.TO,2.98,2026-10-06
RAV.TO,,
RAY.TO,15.5,2026-10-06
RBA.TO,115.08,2026-10-06
RBN-UN.TO,8.63,2026-10-06
RBN.TO,,
RBY.TO,4.19,2026-10-06
RCH.TO,35.37,2026-10-06
RCI-B.TO,43.38,2026-10-06
RCI.TO,,
RCL,275.03,2026-10-05
REAL.TO,3.51,2026-10-06
REG,71.33,2026-10-05
REGN,726.47,2026-10-05
REI-UN.TO,20.38,2026-10-06
REI.TO,,
RF,27.07,2026-10-05
RFA.TO,23.75,2026-10-06
RGSI.TO,24.6,2026-10-06
RIC.TO,28.66,2026-10-06
RIO.TO,3.23,2026-10-06
RJF,160.8,2026-10-05
RL,365.54,2026-10-05
RM.TO,5.0,2026-10-06
RMD,222.86,2026-10-05
ROK,455.18,2026-10-05
ROL,29.69,2026-10-05
ROOT.TO,4.07,2026-10-06
ROP,363.38,2026-10-05
ROST,226.37,2026-10-05
RPR-UN.TO,,
RPR.TO,,
RS.TO,8.58,2026-10-06
RSG,212.83,2026-10-05
RSI.TO,6.47,2026-10-06
RTG.TO,0.04,2026-10-06
RTX,184.33,2026-10-05
RUA.TO,1.33,2026-10-06
RUP.TO,,
RUS.TO,90.51,2026-10-06
RVTY,157.36,2026-10-05
RVX.TO,0.085,2026-10-06
RY.TO,279.19,2026-10-06
S.TO,0.295,2026-10-06
SAM.TO,0.38,2026-10-06
SAP.TO,37.83,2026-10-06
SATS,,
SAU.TO,0.17,2026-10-06
SBAC,161.82,2026-10-05
SBC.TO,12.53,2026-10-06
SBI.TO,4.31,2026-10-06
SBUX,94.43,2026-10-05
SCHW,97.96,2026-10-05
SCR.TO,40.2,2026-10-06
SDE.TO,13.37,2026-10-06
SEA.TO,39.07,2026-10-06
SEC.TO,440.0,2026-10-05
SES.TO,,
SFC.TO,8.01,2026-10-06
SFD.TO,0.35,2026-10-06
SFI.TO,0.27,2026-10-06
SGD.TO,16.2,2026-10-06
SGR-UN.TO,17.8,2026-10-06
SGR.TO,,
SGY.TO,11.46,2026-10-06
SHLE.TO,9.98,2026-10-06
SHOP,160.11,2026-10-05
SHOP.TO,233.73,2026-10-06
SHW,318.46,2026-10-05
SIA.TO,19.43,2026-10-06
SIH-UN.TO,17.75,2026-10-06
SIH.TO,,
SII.TO,169.99,2026-10-06
SIS.TO,29.73,2026-10-06
SJ.TO,64.88,2026-10-06
SJM,116.23,2026-10-05
SKE.TO,44.62,2026-10-06
SLB,50.28,2026-10-05
SLF.TO,110.48,2026-10-06
SLR.TO,0.83,2026-10-05
SLS.TO,10.15,2026-10-06
SLT.TO,2.7,2026-10-06
SMCI,43.19,2026-10-05
SNA,367.4,2026-10-05
SNDK,1704.16,2026-10-05
SNPS,488.47,2026-10-05
SO,83.79,2026-10-05
SOBO.TO,48.65,2026-10-06
SOIL.TO,7.39,2026-10-06
SOLV,88.03,2026-10-05
SOY.TO,,
SPAC.TO,,
SPB.TO,7.12,2026-10-06
SPG,201.4,2026-10-05
SPGI,390.92,2026-10-05
SPPP.TO,18.92,2026-10-06
SPY,774.83,2026-10-05
SRE,78.16,2026-10-05
SRU-UN.TO,26.32,2026-10-06
SRU.TO,,
SRV-UN.TO,14.11,2026-10-06
SRV.TO,,
SSRM.TO,48.68,2026-10-06
STC.TO,6.84,2026-10-06
STCK.TO,17.95,2026-10-06
STE,211.07,2026-10-05
STG.TO,,
STGO.TO,1.59,2026-10-06
STLD,241.04,2026-10-05
STLR.TO,1.42,2026-10-06
STN.TO,96.09,2026-10-06
STT,176.37,2026-10-05
STX,887.09,2026-10-05
STZ,113.31,2026-10-05
SU.TO,97.05,2026-10-06
SVA.TO,0.12,2026-10-06
SVB.TO,0.085,2026-10-06
SVI.TO,4.07,2026-10-06
SVM.TO,14.93,2026-10-06
SW,42.41,2026-10-05
SWK,89.68,2026-10-05
SWKS,83.91,2026-10-05
SWP.TO,8.33,2026-10-06
SXGC.TO,11.0,2026-10-06
SXP.TO,3.06,2026-10-06
SYF,71.88,2026-10-05
SYK,285.22,2026-10-05
SYY,76.38,2026-10-05
SYZ.TO,2.47,2026-10-06
T,24.24,2026-10-05
T.TO,11.19,2026-10-06
TA.TO,18.63,2026-10-06
TAL.TO,0.55,2026-10-06
TAP,36.52,2026-10-05
TBL.TO,3.69,2026-10-06
TC.TO,13.5,2026-10-06
TCL-B.TO,6.27,2026-10-05
TCL.TO,,
TCS.TO,39.42,2026-10-06
TCW.TO,6.19,2026-10-06
TD.TO,168.06,2026-10-06
TDG,1092.66,2026-10-05
TDY,619.64,2026-10-05
TECH,72.58,2026-10-05
TECK-B.TO,95.38,2026-10-06
TECK.TO,,
TEL,218.93,2026-10-05
TER,444.53,2026-10-05
TF.TO,5.3,2026-10-06
TFC,46.33,2026-10-05
TFII.TO,161.8,2026-10-06
TFPM.TO,43.64,2026-10-06
TGO.TO,1.5,2026-10-06
TGT,152.99,2026-10-05
THNC.TO,1.85,2026-10-06
TI.TO,3.41,2026-10-06
TIH.TO,230.13,2026-10-06
TINY.TO,6.05,2026-10-06
TJX,134.41,2026-10-05
TKO,177.04,2026-10-05
TKO.TO,12.53,2026-10-06
TLG.TO,1.86,2026-10-06
TLO.TO,9.2,2026-10-06
TLRY.TO,5.37,2026-10-06
TLT,77.11,2026-10-05
TMO,676.76,2026-10-05
TMQ.TO,4.23,2026-10-06
TMUS,164.64,2026-10-05
TNT-UN.TO,7.55,2026-10-06
TNT.TO,,
TNZ.TO,67.8,2026-10-06
TOT.TO,34.8,2026-10-06
TOU.TO,62.91,2026-10-06
TOY.TO,20.88,2026-10-06
TPL,344.67,2026-10-05
TPR,116.95,2026-10-05
TPX-B.TO,54.05,2026-10-05
TPX.TO,,
TPZ.TO,28.5,2026-10-06
TRGP,287.4,2026-10-05
TRI,97.08,2026-10-05
TRI.TO,139.48,2026-10-06
TRMB,58.81,2026-10-05
TROW,103.93,2026-10-05
TRP.TO,85.57,2026-10-06
TRV,360.7,2026-10-05
TRX.TO,1.7,2026-10-06
TRZ.TO,1.97,2026-10-06
TSAT.TO,67.82,2026-10-06
TSCO,31.42,2026-10-05
TSK.TO,1.0,2026-10-06
TSL.TO,2.4,2026-10-06
TSLA,378.73,2026-10-05
TSN,51.71,2026-10-05
TSND.TO,0.74,2026-10-06
TSU.TO,40.94,2026-10-06
TT,470.76,2026-10-05
TTD,11.98,2026-10-05
TTNM.TO,,
TTWO,203.46,2026-10-05
TVA-B.TO,2.32,2026-10-06
TVA.TO,,
TVE.TO,13.31,2026-10-06
TVK.TO,111.5,2026-10-06
TWC.TO,26.5,2026-10-05
TWM.TO,24.3,2026-10-06
TXG.TO,73.26,2026-10-06
TXN,294.9,2026-10-05
TXP.TO,0.165,2026-10-06
TXT,75.75,2026-10-05
TYL,328.32,2026-10-05
U-UN.TO,28.14,2026-10-06
U.TO,,
UAL,110.0,2026-10-05
UBER,69.48,2026-10-05
UDR,33.84,2026-10-05
UHS,176.05,2026-10-05
ULTA,542.72,2026-10-05
UNC.TO,15.33,2026-10-06
UNH,378.58,2026-10-05
UNI.TO,2.61,2026-10-06
UNP,277.06,2026-10-05
UPS,93.14,2026-10-05
URB.TO,8.96,2026-10-06
URC.TO,,
URE.TO,1.58,2026-10-06
URI,1074.28,2026-10-05
USA.TO,6.36,2026-10-06
USB,57.27,2026-10-05
V,369.71,2026-10-05
VBNK.TO,31.73,2026-10-06
VCM.TO,13.4,2026-10-06
VEEV,283.45,2026-10-05
VET.TO,16.51,2026-10-06
VGZ.TO,3.82,2026-10-06
VHI.TO,7.37,2026-10-06
VICI,22.53,2026-10-05
VITL-UN.TO,5.24,2026-10-06
VITL.TO,,
VLE.TO,15.3,2026-10-06
VLN.TO,18.7,2026-10-06
VLO,419.33,2026-10-05
VLTO,96.57,2026-10-05
VMC,245.57,2026-10-05
VMET.TO,12.33,2026-10-06
VNP.TO,32.42,2026-10-06
VOXR.TO,7.45,2026-10-06
VRSK,163.28,2026-10-05
VRSN,292.26,2026-10-05
VRT,253.62,2026-10-05
VRTS.TO,0.005,2026-10-05
VRTX,503.5,2026-10-05
VST,144.89,2026-10-05
VTR,81.36,2026-10-05
VTRS,17.62,2026-10-05
VZ,45.85,2026-10-05
VZLA.TO,5.01,2026-10-06
WAB,291.86,2026-10-05
WAT,440.12,2026-10-05
WBD,30.95,2026-10-05
WCM-B.TO,2.3,2026-10-05
WCM.TO,,
WCN.TO,219.69,2026-10-06
WCP.TO,18.22,2026-10-06
WDAY,188.96,2026-10-05
WDC,441.64,2026-10-05
WDO.TO,34.45,2026-10-06
WEC,101.3,2026-10-05
WEED.TO,1.27,2026-10-06
WEF.TO,15.7,2026-10-06
WELL,224.16,2026-10-05
WELL.TO,4.37,2026-10-06
WFC,81.44,2026-10-05
WFC.TO,22.35,2026-10-06
WFG.TO,89.94,2026-10-06
WGX.TO,5.22,2026-10-06
WILD.TO,1.3,2026-10-06
WJX.TO,39.6,2026-10-06
WM,206.66,2026-10-05
WM.TO,0.0925,2026-10-06
WMB,70.81,2026-10-05
WMT,105.07,2026-10-05
WN.TO,99.73,2026-10-06
WNDR.TO,,
WPK.TO,42.73,2026-10-06
WPM.TO,195.69,2026-10-06
WPRT.TO,2.64,2026-10-06
WRB,69.77,2026-10-05
WRG.TO,3.41,2026-10-06
WRN.TO,3.09,2026-10-06
WRX.TO,0.04,2026-10-05
WSM,238.7,2026-10-05
WSP.TO,167.12,2026-10-06
WST,376.76,2026-10-05
WTE.TO,44.65,2026-10-06
WTW,288.11,2026-10-05
WY,18.49,2026-10-05
WYNN,77.17,2026-10-05
X.TO,52.43,2026-10-06
XAU.TO,13.25,2026-10-06
XEL,71.49,2026-10-05
XIU.TO,53.04,2026-10-06
XLB.TO,17.515,2026-10-06
XLY.TO,3.36,2026-10-06
XMF-A.TO,1.56,2026-10-06
XMF.TO,,
XNDU.TO,7.21,2026-10-06
XOM,164.0,2026-10-05
XTC.TO,8.36,2026-10-06
XTD.TO,8.65,2026-10-06
XTG.TO,2.49,2026-10-06
XTRA.TO,0.52,2026-10-06
XYL,102.42,2026-10-05
XYZ,76.23,2026-10-05
Y.TO,13.6,2026-10-06
YCM.TO,10.95,2026-10-05
YGR.TO,1.52,2026-10-06
YRB.TO,0.05,2026-10-05
YUM,136.97,2026-10-05
ZBH,91.57,2026-10-05
ZBRA,375.66,2026-10-05
ZFL.TO,11.26,2026-10-06
ZS,201.8,2026-10-05
ZTS,71.41,2026-10-05
